stratum,clusterid,svyweight,y
Stratum A,1,294.2311,1
Stratum A,1,294.2311,1
Stratum A,1,294.2311,1
Stratum A,1,294.2311,1
Stratum A,1,294.2311,1
Stratum A,1,294.2311,1
Stratum A,1,294.2311,1
Stratum A,2,74.91032,1
Stratum A,2,74.91032,1
Stratum A,2,74.91032,1
Stratum A,2,74.91032,1
Stratum A,2,74.91032,1
Stratum A,2,74.91032,1
Stratum A,2,74.91032,1
Stratum A,3,214.4984,1
Stratum A,3,214.4984,1
Stratum A,3,214.4984,1
Stratum A,3,214.4984,1
Stratum A,3,214.4984,1
Stratum A,3,214.4984,1
Stratum A,3,214.4984,1
Stratum A,4,129.5538,1
Stratum A,4,129.5538,1
Stratum A,4,129.5538,1
Stratum A,4,129.5538,1
Stratum A,4,129.5538,1
Stratum A,4,129.5538,0
Stratum A,4,129.5538,1
Stratum A,5,35.97935,1
Stratum A,5,35.97935,0
Stratum A,5,35.97935,1
Stratum A,5,35.97935,1
Stratum A,5,35.97935,1
Stratum A,5,35.97935,1
Stratum A,5,35.97935,0
Stratum A,6,129.7019,1
Stratum A,6,129.7019,1
Stratum A,6,129.7019,1
Stratum A,6,129.7019,1
Stratum A,6,129.7019,1
Stratum A,6,129.7019,1
Stratum A,6,129.7019,1
Stratum A,7,63.31333,1
Stratum A,7,63.31333,1
Stratum A,7,63.31333,1
Stratum A,7,63.31333,1
Stratum A,7,63.31333,1
Stratum A,7,63.31333,1
Stratum A,7,63.31333,1
Stratum A,8,159.8439,1
Stratum A,8,159.8439,1
Stratum A,8,159.8439,1
Stratum A,8,159.8439,1
Stratum A,8,159.8439,1
Stratum A,8,159.8439,1
Stratum A,8,159.8439,1
Stratum A,9,87.10789,1
Stratum A,9,87.10789,1
Stratum A,9,87.10789,1
Stratum A,9,87.10789,1
Stratum A,9,87.10789,0
Stratum A,9,87.10789,1
Stratum A,9,87.10789,0
Stratum A,10,132.5808,1
Stratum A,10,132.5808,1
Stratum A,10,132.5808,1
Stratum A,10,132.5808,1
Stratum A,10,132.5808,1
Stratum A,10,132.5808,1
Stratum A,10,132.5808,1
Stratum A,11,100.1375,1
Stratum A,11,100.1375,0
Stratum A,11,100.1375,1
Stratum A,11,100.1375,1
Stratum A,11,100.1375,1
Stratum A,11,100.1375,1
Stratum A,11,100.1375,1
Stratum A,12,63.30792,1
Stratum A,12,63.30792,1
Stratum A,12,63.30792,1
Stratum A,12,63.30792,1
Stratum A,12,63.30792,1
Stratum A,12,63.30792,1
Stratum A,13,81.73087,1
Stratum A,13,81.73087,1
Stratum A,13,81.73087,1
Stratum A,13,81.73087,1
Stratum A,13,81.73087,1
Stratum A,13,81.73087,1
Stratum A,13,81.73087,1
Stratum A,14,94.57429,1
Stratum A,14,94.57429,1
Stratum A,14,94.57429,1
Stratum A,14,94.57429,1
Stratum A,14,94.57429,1
Stratum A,14,94.57429,1
Stratum A,14,94.57429,1
Stratum A,15,126.9454,1
Stratum A,15,126.9454,0
Stratum A,15,126.9454,1
Stratum A,15,126.9454,1
Stratum A,15,126.9454,1
Stratum A,15,126.9454,1
Stratum A,15,126.9454,1
Stratum A,16,132.2717,1
Stratum A,16,132.2717,1
Stratum A,16,132.2717,1
Stratum A,16,132.2717,1
Stratum A,16,132.2717,1
Stratum A,16,132.2717,1
Stratum A,16,132.2717,1
Stratum A,17,87.29935,1
Stratum A,17,87.29935,1
Stratum A,17,87.29935,1
Stratum A,17,87.29935,1
Stratum A,17,87.29935,1
Stratum A,17,87.29935,1
Stratum A,17,87.29935,1
Stratum A,18,73.96871,1
Stratum A,18,73.96871,1
Stratum A,18,73.96871,1
Stratum A,18,73.96871,1
Stratum A,18,73.96871,1
Stratum A,18,73.96871,1
Stratum A,18,73.96871,1
Stratum A,19,126.099,1
Stratum A,19,126.099,1
Stratum A,19,126.099,1
Stratum A,19,126.099,1
Stratum A,19,126.099,1
Stratum A,19,126.099,1
Stratum A,19,126.099,1
Stratum A,20,87.68477,1
Stratum A,20,87.68477,1
Stratum A,20,87.68477,1
Stratum A,20,87.68477,1
Stratum A,20,87.68477,0
Stratum A,20,87.68477,1
Stratum A,20,87.68477,1
Stratum A,21,105.0825,1
Stratum A,21,105.0825,1
Stratum A,21,105.0825,1
Stratum A,21,105.0825,1
Stratum A,21,105.0825,1
Stratum A,21,105.0825,1
Stratum A,21,105.0825,1
Stratum A,22,87.7678,1
Stratum A,22,87.7678,1
Stratum A,22,87.7678,1
Stratum A,22,87.7678,0
Stratum A,22,87.7678,1
Stratum A,22,87.7678,1
Stratum A,23,103.8463,1
Stratum A,23,103.8463,1
Stratum A,23,103.8463,1
Stratum A,23,103.8463,1
Stratum A,23,103.8463,1
Stratum A,23,103.8463,1
Stratum A,24,80.29892,1
Stratum A,24,80.29892,1
Stratum A,24,80.29892,1
Stratum A,24,80.29892,1
Stratum A,24,80.29892,1
Stratum A,24,80.29892,1
Stratum A,24,80.29892,1
Stratum A,25,113.4891,1
Stratum A,25,113.4891,1
Stratum A,25,113.4891,1
Stratum A,25,113.4891,1
Stratum A,25,113.4891,1
Stratum A,25,113.4891,1
Stratum A,25,113.4891,1
Stratum A,26,70.05502,1
Stratum A,26,70.05502,1
Stratum A,26,70.05502,1
Stratum A,26,70.05502,1
Stratum A,26,70.05502,1
Stratum A,26,70.05502,1
Stratum A,26,70.05502,1
Stratum A,27,64.58732,1
Stratum A,27,64.58732,1
Stratum A,27,64.58732,1
Stratum A,27,64.58732,1
Stratum A,27,64.58732,1
Stratum A,27,64.58732,1
Stratum A,27,64.58732,1
Stratum A,28,60.73578,1
Stratum A,28,60.73578,1
Stratum A,28,60.73578,1
Stratum A,28,60.73578,1
Stratum A,28,60.73578,0
Stratum A,28,60.73578,1
Stratum A,28,60.73578,1
Stratum A,29,83.27296,1
Stratum A,29,83.27296,0
Stratum A,29,83.27296,1
Stratum A,29,83.27296,1
Stratum A,29,83.27296,1
Stratum A,29,83.27296,1
Stratum A,29,83.27296,1
Stratum A,30,60.23342,1
Stratum A,30,60.23342,1
Stratum A,30,60.23342,1
Stratum A,30,60.23342,1
Stratum A,30,60.23342,1
Stratum A,30,60.23342,1
Stratum A,31,70.80428,1
Stratum A,31,70.80428,1
Stratum A,31,70.80428,1
Stratum A,31,70.80428,0
Stratum A,31,70.80428,1
Stratum A,31,70.80428,1
Stratum A,31,70.80428,1
Stratum A,32,63.65577,1
Stratum A,32,63.65577,1
Stratum A,32,63.65577,1
Stratum A,32,63.65577,1
Stratum A,32,63.65577,1
Stratum A,32,63.65577,1
Stratum A,32,63.65577,1
Stratum A,33,111.2639,1
Stratum A,33,111.2639,1
Stratum A,33,111.2639,1
Stratum A,33,111.2639,1
Stratum A,33,111.2639,1
Stratum A,33,111.2639,1
Stratum A,33,111.2639,1
Stratum A,34,69.32146,1
Stratum A,34,69.32146,1
Stratum A,34,69.32146,1
Stratum A,34,69.32146,1
Stratum A,34,69.32146,1
Stratum A,34,69.32146,1
Stratum A,34,69.32146,1
Stratum A,35,191.0592,1
Stratum A,35,191.0592,1
Stratum A,35,191.0592,0
Stratum A,35,191.0592,1
Stratum A,35,191.0592,1
Stratum A,35,191.0592,1
Stratum A,35,191.0592,1
Stratum A,36,105.0825,1
Stratum A,36,105.0825,1
Stratum A,36,105.0825,1
Stratum A,36,105.0825,1
Stratum A,36,105.0825,1
Stratum A,36,105.0825,0
Stratum A,36,105.0825,1
Stratum A,37,69.68632,1
Stratum A,37,69.68632,1
Stratum A,37,69.68632,1
Stratum A,37,69.68632,1
Stratum A,37,69.68632,1
Stratum A,37,69.68632,1
Stratum A,37,69.68632,1
Stratum A,38,114.6355,1
Stratum A,38,114.6355,1
Stratum A,38,114.6355,1
Stratum A,38,114.6355,1
Stratum A,38,114.6355,1
Stratum A,38,114.6355,1
Stratum A,38,114.6355,1
Stratum A,39,98.259,1
Stratum A,39,98.259,1
Stratum A,39,98.259,1
Stratum A,39,98.259,1
Stratum A,39,98.259,1
Stratum A,39,98.259,1
Stratum A,39,98.259,1
Stratum A,40,101.1906,1
Stratum A,40,101.1906,1
Stratum A,40,101.1906,1
Stratum A,40,101.1906,1
Stratum A,40,101.1906,1
Stratum A,40,101.1906,1
Stratum A,40,101.1906,1
Stratum A,41,161.4683,1
Stratum A,41,161.4683,1
Stratum A,41,161.4683,1
Stratum A,41,161.4683,1
Stratum A,41,161.4683,1
Stratum A,41,161.4683,1
Stratum A,41,161.4683,1
Stratum A,42,147.894,1
Stratum A,42,147.894,1
Stratum A,42,147.894,1
Stratum A,42,147.894,1
Stratum A,42,147.894,1
Stratum A,42,147.894,1
Stratum A,42,147.894,1
Stratum A,43,71.18494,1
Stratum A,43,71.18494,1
Stratum A,43,71.18494,1
Stratum A,43,71.18494,1
Stratum A,43,71.18494,1
Stratum A,43,71.18494,1
Stratum A,43,71.18494,1
Stratum A,44,75.22955,1
Stratum A,44,75.22955,1
Stratum A,44,75.22955,1
Stratum A,44,75.22955,1
Stratum A,44,75.22955,1
Stratum A,44,75.22955,1
Stratum A,44,75.22955,1
Stratum A,45,75.22955,1
Stratum A,45,75.22955,1
Stratum A,45,75.22955,1
Stratum A,45,75.22955,1
Stratum A,45,75.22955,1
Stratum A,45,75.22955,1
Stratum A,45,75.22955,1
Stratum A,46,87.27194,1
Stratum A,46,87.27194,1
Stratum A,46,87.27194,1
Stratum A,46,87.27194,1
Stratum A,46,87.27194,1
Stratum A,46,87.27194,1
Stratum A,47,112.5884,1
Stratum A,47,112.5884,1
Stratum A,47,112.5884,1
Stratum A,47,112.5884,1
Stratum A,47,112.5884,1
Stratum A,47,112.5884,1
Stratum A,47,112.5884,1
Stratum A,48,61.29815,1
Stratum A,48,61.29815,1
Stratum A,48,61.29815,0
Stratum A,48,61.29815,1
Stratum A,48,61.29815,1
Stratum A,48,61.29815,1
Stratum A,48,61.29815,1
Stratum A,49,139.3726,1
Stratum A,49,139.3726,1
Stratum A,49,139.3726,1
Stratum A,49,139.3726,1
Stratum A,49,139.3726,1
Stratum A,49,139.3726,1
Stratum A,49,139.3726,1
Stratum A,50,146.3028,1
Stratum A,50,146.3028,1
Stratum A,50,146.3028,1
Stratum A,50,146.3028,1
Stratum A,50,146.3028,1
Stratum A,50,146.3028,1
Stratum A,50,146.3028,1
Stratum B,51,147.6918,1
Stratum B,51,147.6918,0
Stratum B,51,147.6918,1
Stratum B,51,147.6918,1
Stratum B,51,147.6918,1
Stratum B,51,147.6918,0
Stratum B,51,147.6918,0
Stratum B,52,19.44107,1
Stratum B,52,19.44107,0
Stratum B,52,19.44107,0
Stratum B,52,19.44107,0
Stratum B,52,19.44107,0
Stratum B,52,19.44107,1
Stratum B,52,19.44107,0
Stratum B,53,60.29191,0
Stratum B,53,60.29191,0
Stratum B,53,60.29191,0
Stratum B,53,60.29191,0
Stratum B,53,60.29191,1
Stratum B,53,60.29191,0
Stratum B,53,60.29191,1
Stratum B,54,295.4304,1
Stratum B,54,295.4304,1
Stratum B,54,295.4304,0
Stratum B,54,295.4304,0
Stratum B,54,295.4304,0
Stratum B,54,295.4304,0
Stratum B,54,295.4304,0
Stratum B,55,75.77597,0
Stratum B,55,75.77597,0
Stratum B,55,75.77597,0
Stratum B,55,75.77597,1
Stratum B,55,75.77597,1
Stratum B,55,75.77597,1
Stratum B,55,75.77597,0
Stratum B,56,80.20275,1
Stratum B,56,80.20275,0
Stratum B,56,80.20275,1
Stratum B,56,80.20275,1
Stratum B,56,80.20275,1
Stratum B,56,80.20275,1
Stratum B,57,68.04373,0
Stratum B,57,68.04373,0
Stratum B,57,68.04373,0
Stratum B,57,68.04373,0
Stratum B,57,68.04373,0
Stratum B,57,68.04373,0
Stratum B,57,68.04373,0
Stratum B,58,159.7989,0
Stratum B,58,159.7989,0
Stratum B,58,159.7989,0
Stratum B,58,159.7989,0
Stratum B,58,159.7989,0
Stratum B,58,159.7989,0
Stratum B,59,18.57227,0
Stratum B,59,18.57227,0
Stratum B,59,18.57227,0
Stratum B,59,18.57227,0
Stratum B,59,18.57227,0
Stratum B,59,18.57227,0
Stratum B,59,18.57227,0
Stratum B,60,48.44431,0
Stratum B,60,48.44431,0
Stratum B,60,48.44431,0
Stratum B,60,48.44431,0
Stratum B,60,48.44431,0
Stratum B,60,48.44431,0
Stratum B,60,48.44431,0
Stratum B,61,149.3033,0
Stratum B,61,149.3033,0
Stratum B,61,149.3033,0
Stratum B,61,149.3033,0
Stratum B,61,149.3033,1
Stratum B,61,149.3033,0
Stratum B,61,149.3033,1
Stratum B,62,161.6701,0
Stratum B,62,161.6701,0
Stratum B,62,161.6701,0
Stratum B,62,161.6701,0
Stratum B,62,161.6701,0
Stratum B,62,161.6701,1
Stratum B,62,161.6701,0
Stratum B,63,253.5297,0
Stratum B,63,253.5297,1
Stratum B,63,253.5297,1
Stratum B,63,253.5297,0
Stratum B,63,253.5297,0
Stratum B,63,253.5297,0
Stratum B,63,253.5297,0
Stratum B,64,19.26148,0
Stratum B,64,19.26148,0
Stratum B,64,19.26148,0
Stratum B,64,19.26148,0
Stratum B,64,19.26148,0
Stratum B,64,19.26148,0
Stratum B,64,19.26148,0
Stratum B,65,30.0798,0
Stratum B,65,30.0798,0
Stratum B,65,30.0798,0
Stratum B,65,30.0798,0
Stratum B,65,30.0798,0
Stratum B,65,30.0798,0
Stratum B,66,31.08551,0
Stratum B,66,31.08551,0
Stratum B,66,31.08551,0
Stratum B,66,31.08551,0
Stratum B,66,31.08551,0
Stratum B,66,31.08551,0
Stratum B,66,31.08551,0
Stratum B,67,39.84597,0
Stratum B,67,39.84597,0
Stratum B,67,39.84597,0
Stratum B,67,39.84597,0
Stratum B,67,39.84597,0
Stratum B,67,39.84597,0
Stratum B,67,39.84597,0
Stratum B,68,74.78201,0
Stratum B,68,74.78201,0
Stratum B,68,74.78201,0
Stratum B,68,74.78201,0
Stratum B,68,74.78201,0
Stratum B,68,74.78201,1
Stratum B,68,74.78201,0
Stratum B,69,28.48986,0
Stratum B,69,28.48986,0
Stratum B,69,28.48986,0
Stratum B,69,28.48986,0
Stratum B,69,28.48986,0
Stratum B,69,28.48986,0
Stratum B,69,28.48986,0
Stratum B,70,76.00676,0
Stratum B,70,76.00676,0
Stratum B,70,76.00676,0
Stratum B,70,76.00676,0
Stratum B,70,76.00676,0
Stratum B,70,76.00676,0
Stratum B,70,76.00676,0
Stratum B,71,27.72415,0
Stratum B,71,27.72415,0
Stratum B,71,27.72415,0
Stratum B,71,27.72415,0
Stratum B,71,27.72415,0
Stratum B,71,27.72415,0
Stratum B,71,27.72415,0
Stratum B,72,44.42287,0
Stratum B,72,44.42287,0
Stratum B,72,44.42287,0
Stratum B,72,44.42287,0
Stratum B,72,44.42287,0
Stratum B,72,44.42287,0
Stratum B,72,44.42287,0
Stratum B,73,43.64869,0
Stratum B,73,43.64869,0
Stratum B,73,43.64869,1
Stratum B,73,43.64869,0
Stratum B,73,43.64869,0
Stratum B,73,43.64869,0
Stratum B,73,43.64869,1
Stratum B,74,62.99003,0
Stratum B,74,62.99003,0
Stratum B,74,62.99003,0
Stratum B,74,62.99003,0
Stratum B,74,62.99003,0
Stratum B,74,62.99003,0
Stratum B,74,62.99003,0
Stratum B,75,65.13521,0
Stratum B,75,65.13521,0
Stratum B,75,65.13521,0
Stratum B,75,65.13521,1
Stratum B,75,65.13521,0
Stratum B,75,65.13521,0
Stratum B,75,65.13521,0
Stratum B,76,82.18231,0
Stratum B,76,82.18231,0
Stratum B,76,82.18231,0
Stratum B,76,82.18231,0
Stratum B,76,82.18231,0
Stratum B,76,82.18231,0
Stratum B,76,82.18231,1
Stratum B,77,83.1568,1
Stratum B,77,83.1568,0
Stratum B,77,83.1568,0
Stratum B,77,83.1568,0
Stratum B,77,83.1568,0
Stratum B,77,83.1568,0
Stratum B,77,83.1568,0
Stratum B,78,113.7225,0
Stratum B,78,113.7225,1
Stratum B,78,113.7225,0
Stratum B,78,113.7225,1
Stratum B,78,113.7225,0
Stratum B,78,113.7225,0
Stratum B,78,113.7225,0
Stratum B,79,30.64425,0
Stratum B,79,30.64425,0
Stratum B,79,30.64425,0
Stratum B,79,30.64425,0
Stratum B,79,30.64425,0
Stratum B,79,30.64425,0
Stratum B,79,30.64425,0
Stratum B,80,67.86668,0
Stratum B,80,67.86668,0
Stratum B,80,67.86668,0
Stratum B,80,67.86668,0
Stratum B,80,67.86668,0
Stratum B,80,67.86668,0
Stratum B,80,67.86668,1
Stratum B,81,110.6667,0
Stratum B,81,110.6667,0
Stratum B,81,110.6667,0
Stratum B,81,110.6667,0
Stratum B,81,110.6667,0
Stratum B,81,110.6667,0
Stratum B,82,87.66113,1
Stratum B,82,87.66113,1
Stratum B,82,87.66113,0
Stratum B,82,87.66113,0
Stratum B,82,87.66113,0
Stratum B,82,87.66113,0
Stratum B,83,56.26897,0
Stratum B,83,56.26897,1
Stratum B,83,56.26897,0
Stratum B,83,56.26897,0
Stratum B,83,56.26897,0
Stratum B,83,56.26897,0
Stratum B,83,56.26897,0
Stratum B,84,42.61305,0
Stratum B,84,42.61305,0
Stratum B,84,42.61305,0
Stratum B,84,42.61305,0
Stratum B,84,42.61305,0
Stratum B,84,42.61305,0
Stratum B,85,54.43923,0
Stratum B,85,54.43923,0
Stratum B,85,54.43923,0
Stratum B,85,54.43923,0
Stratum B,85,54.43923,0
Stratum B,85,54.43923,0
Stratum B,85,54.43923,0
Stratum B,86,31.30754,0
Stratum B,86,31.30754,0
Stratum B,86,31.30754,0
Stratum B,86,31.30754,0
Stratum B,86,31.30754,0
Stratum B,86,31.30754,0
Stratum B,86,31.30754,0
Stratum B,87,31.95979,0
Stratum B,87,31.95979,0
Stratum B,87,31.95979,0
Stratum B,87,31.95979,1
Stratum B,87,31.95979,1
Stratum B,87,31.95979,0
Stratum B,88,27.97696,0
Stratum B,88,27.97696,0
Stratum B,88,27.97696,0
Stratum B,88,27.97696,0
Stratum B,88,27.97696,0
Stratum B,88,27.97696,0
Stratum B,88,27.97696,0
Stratum B,89,18.43341,0
Stratum B,89,18.43341,0
Stratum B,89,18.43341,0
Stratum B,89,18.43341,0
Stratum B,89,18.43341,0
Stratum B,89,18.43341,0
Stratum B,89,18.43341,0
Stratum B,90,22.84785,0
Stratum B,90,22.84785,0
Stratum B,90,22.84785,0
Stratum B,90,22.84785,0
Stratum B,90,22.84785,0
Stratum B,90,22.84785,0
Stratum B,91,81.27522,0
Stratum B,91,81.27522,0
Stratum B,91,81.27522,0
Stratum B,91,81.27522,0
Stratum B,91,81.27522,0
Stratum B,91,81.27522,0
Stratum B,92,16.91989,0
Stratum B,92,16.91989,0
Stratum B,92,16.91989,0
Stratum B,92,16.91989,0
Stratum B,92,16.91989,1
Stratum B,92,16.91989,0
Stratum B,92,16.91989,0
Stratum B,93,15.89023,0
Stratum B,93,15.89023,0
Stratum B,93,15.89023,0
Stratum B,93,15.89023,0
Stratum B,93,15.89023,0
Stratum B,93,15.89023,0
Stratum B,93,15.89023,0
Stratum B,94,52.29783,0
Stratum B,94,52.29783,0
Stratum B,94,52.29783,0
Stratum B,94,52.29783,0
Stratum B,94,52.29783,0
Stratum B,94,52.29783,0
Stratum B,95,93.18309,0
Stratum B,95,93.18309,0
Stratum B,95,93.18309,0
Stratum B,95,93.18309,0
Stratum B,95,93.18309,0
Stratum B,95,93.18309,0
Stratum B,95,93.18309,0
Stratum B,96,54.18614,0
Stratum B,96,54.18614,0
Stratum B,96,54.18614,0
Stratum B,96,54.18614,0
Stratum B,96,54.18614,0
Stratum B,96,54.18614,0
Stratum B,96,54.18614,0
Stratum B,97,62.47343,0
Stratum B,97,62.47343,0
Stratum B,97,62.47343,0
Stratum B,97,62.47343,0
Stratum B,97,62.47343,0
Stratum B,97,62.47343,0
Stratum B,97,62.47343,0
Stratum B,98,18.48277,0
Stratum B,98,18.48277,0
Stratum B,98,18.48277,0
Stratum B,98,18.48277,0
Stratum B,98,18.48277,0
Stratum B,98,18.48277,0
Stratum B,98,18.48277,0
Stratum B,99,7.662686,0
Stratum B,99,7.662686,0
Stratum B,99,7.662686,0
Stratum B,99,7.662686,0
Stratum B,99,7.662686,0
Stratum B,99,7.662686,0
Stratum B,99,7.662686,0
Stratum B,100,103.1307,0
Stratum B,100,103.1307,0
Stratum B,100,103.1307,0
Stratum B,100,103.1307,0
Stratum B,100,103.1307,0
Stratum B,100,103.1307,0
Stratum B,100,103.1307,0
Stratum C,101,1306.542,1
Stratum C,101,1306.542,0
Stratum C,101,1306.542,1
Stratum C,101,1306.542,1
Stratum C,101,1306.542,0
Stratum C,101,1306.542,1
Stratum C,101,1306.542,1
Stratum C,102,952.5782,0
Stratum C,102,952.5782,0
Stratum C,102,952.5782,1
Stratum C,102,952.5782,1
Stratum C,102,952.5782,1
Stratum C,102,952.5782,1
Stratum C,102,952.5782,1
Stratum C,103,1226.711,1
Stratum C,103,1226.711,1
Stratum C,103,1226.711,1
Stratum C,103,1226.711,1
Stratum C,103,1226.711,1
Stratum C,103,1226.711,1
Stratum C,103,1226.711,1
Stratum C,104,2341.903,1
Stratum C,104,2341.903,1
Stratum C,104,2341.903,1
Stratum C,104,2341.903,0
Stratum C,104,2341.903,0
Stratum C,104,2341.903,1
Stratum C,105,1598.132,1
Stratum C,105,1598.132,1
Stratum C,105,1598.132,0
Stratum C,105,1598.132,0
Stratum C,105,1598.132,1
Stratum C,105,1598.132,1
Stratum C,106,933.9731,1
Stratum C,106,933.9731,1
Stratum C,106,933.9731,1
Stratum C,106,933.9731,1
Stratum C,106,933.9731,1
Stratum C,106,933.9731,1
Stratum C,106,933.9731,1
Stratum C,107,3221.257,0
Stratum C,107,3221.257,0
Stratum C,107,3221.257,0
Stratum C,107,3221.257,0
Stratum C,107,3221.257,1
Stratum C,107,3221.257,0
Stratum C,108,1410.594,0
Stratum C,108,1410.594,0
Stratum C,108,1410.594,0
Stratum C,108,1410.594,1
Stratum C,108,1410.594,0
Stratum C,108,1410.594,0
Stratum C,108,1410.594,0
Stratum C,109,1985.109,1
Stratum C,109,1985.109,0
Stratum C,109,1985.109,0
Stratum C,109,1985.109,0
Stratum C,109,1985.109,1
Stratum C,109,1985.109,1
Stratum C,109,1985.109,1
Stratum C,110,2663.257,0
Stratum C,110,2663.257,0
Stratum C,110,2663.257,0
Stratum C,110,2663.257,1
Stratum C,110,2663.257,0
Stratum C,110,2663.257,0
Stratum C,110,2663.257,0
Stratum C,111,2064.97,0
Stratum C,111,2064.97,0
Stratum C,111,2064.97,0
Stratum C,111,2064.97,0
Stratum C,111,2064.97,0
Stratum C,111,2064.97,0
Stratum C,111,2064.97,0
Stratum C,112,955.5123,1
Stratum C,112,955.5123,1
Stratum C,112,955.5123,1
Stratum C,112,955.5123,1
Stratum C,112,955.5123,1
Stratum C,112,955.5123,1
Stratum C,113,2854.786,0
Stratum C,113,2854.786,0
Stratum C,113,2854.786,0
Stratum C,113,2854.786,0
Stratum C,113,2854.786,0
Stratum C,113,2854.786,0
Stratum C,113,2854.786,0
Stratum C,114,646.8132,1
Stratum C,114,646.8132,1
Stratum C,114,646.8132,1
Stratum C,114,646.8132,1
Stratum C,114,646.8132,0
Stratum C,114,646.8132,1
Stratum C,114,646.8132,0
Stratum C,115,631.1898,1
Stratum C,115,631.1898,1
Stratum C,115,631.1898,1
Stratum C,115,631.1898,0
Stratum C,115,631.1898,1
Stratum C,115,631.1898,1
Stratum C,115,631.1898,1
Stratum C,116,1229.293,0
Stratum C,116,1229.293,0
Stratum C,116,1229.293,0
Stratum C,116,1229.293,0
Stratum C,116,1229.293,0
Stratum C,116,1229.293,0
Stratum C,117,1842.589,1
Stratum C,117,1842.589,1
Stratum C,117,1842.589,1
Stratum C,117,1842.589,1
Stratum C,117,1842.589,1
Stratum C,117,1842.589,1
Stratum C,117,1842.589,1
Stratum C,118,1361.003,0
Stratum C,118,1361.003,0
Stratum C,118,1361.003,1
Stratum C,118,1361.003,0
Stratum C,118,1361.003,1
Stratum C,118,1361.003,1
Stratum C,118,1361.003,1
Stratum C,119,1297.91,0
Stratum C,119,1297.91,1
Stratum C,119,1297.91,0
Stratum C,119,1297.91,0
Stratum C,119,1297.91,1
Stratum C,119,1297.91,0
Stratum C,119,1297.91,0
Stratum C,120,1202.358,0
Stratum C,120,1202.358,1
Stratum C,120,1202.358,1
Stratum C,120,1202.358,0
Stratum C,120,1202.358,0
Stratum C,120,1202.358,1
Stratum C,120,1202.358,1
Stratum C,121,1020.752,0
Stratum C,121,1020.752,1
Stratum C,121,1020.752,0
Stratum C,121,1020.752,1
Stratum C,121,1020.752,0
Stratum C,121,1020.752,0
Stratum C,121,1020.752,0
Stratum C,122,693.5046,1
Stratum C,122,693.5046,1
Stratum C,122,693.5046,1
Stratum C,122,693.5046,1
Stratum C,122,693.5046,0
Stratum C,122,693.5046,1
Stratum C,122,693.5046,1
Stratum C,123,1394.198,0
Stratum C,123,1394.198,1
Stratum C,123,1394.198,1
Stratum C,123,1394.198,1
Stratum C,123,1394.198,1
Stratum C,123,1394.198,1
Stratum C,123,1394.198,1
Stratum C,124,1163.25,1
Stratum C,124,1163.25,1
Stratum C,124,1163.25,1
Stratum C,124,1163.25,1
Stratum C,124,1163.25,1
Stratum C,124,1163.25,0
Stratum C,124,1163.25,1
Stratum C,125,894.9059,1
Stratum C,125,894.9059,1
Stratum C,125,894.9059,1
Stratum C,125,894.9059,1
Stratum C,125,894.9059,1
Stratum C,125,894.9059,1
Stratum C,125,894.9059,1
Stratum C,126,722.1647,0
Stratum C,126,722.1647,0
Stratum C,126,722.1647,1
Stratum C,126,722.1647,0
Stratum C,126,722.1647,0
Stratum C,126,722.1647,0
Stratum C,126,722.1647,0
Stratum C,127,700.7143,1
Stratum C,127,700.7143,1
Stratum C,127,700.7143,0
Stratum C,127,700.7143,1
Stratum C,127,700.7143,1
Stratum C,127,700.7143,0
Stratum C,127,700.7143,0
Stratum C,128,912.0856,1
Stratum C,128,912.0856,0
Stratum C,128,912.0856,1
Stratum C,128,912.0856,1
Stratum C,128,912.0856,1
Stratum C,128,912.0856,1
Stratum C,128,912.0856,1
Stratum C,129,1683.173,1
Stratum C,129,1683.173,1
Stratum C,129,1683.173,0
Stratum C,129,1683.173,0
Stratum C,129,1683.173,1
Stratum C,129,1683.173,1
Stratum C,129,1683.173,0
Stratum C,130,415.5734,0
Stratum C,130,415.5734,1
Stratum C,130,415.5734,0
Stratum C,130,415.5734,0
Stratum C,130,415.5734,1
Stratum C,130,415.5734,0
Stratum C,130,415.5734,1
Stratum C,131,730.7398,1
Stratum C,131,730.7398,0
Stratum C,131,730.7398,1
Stratum C,131,730.7398,1
Stratum C,131,730.7398,0
Stratum C,131,730.7398,0
Stratum C,131,730.7398,1
Stratum C,132,1088.802,1
Stratum C,132,1088.802,1
Stratum C,132,1088.802,1
Stratum C,132,1088.802,1
Stratum C,132,1088.802,1
Stratum C,132,1088.802,1
Stratum C,132,1088.802,1
Stratum C,133,1074.155,1
Stratum C,133,1074.155,1
Stratum C,133,1074.155,1
Stratum C,133,1074.155,1
Stratum C,133,1074.155,1
Stratum C,133,1074.155,1
Stratum C,133,1074.155,1
Stratum C,134,758.3698,1
Stratum C,134,758.3698,0
Stratum C,134,758.3698,1
Stratum C,134,758.3698,0
Stratum C,134,758.3698,1
Stratum C,134,758.3698,0
Stratum C,134,758.3698,1
Stratum C,135,1042.47,1
Stratum C,135,1042.47,1
Stratum C,135,1042.47,1
Stratum C,135,1042.47,0
Stratum C,135,1042.47,1
Stratum C,135,1042.47,1
Stratum C,135,1042.47,0
Stratum C,136,489.3493,0
Stratum C,136,489.3493,0
Stratum C,136,489.3493,1
Stratum C,136,489.3493,1
Stratum C,136,489.3493,1
Stratum C,136,489.3493,0
Stratum C,136,489.3493,0
Stratum C,137,1533.084,1
Stratum C,137,1533.084,0
Stratum C,137,1533.084,0
Stratum C,137,1533.084,1
Stratum C,137,1533.084,1
Stratum C,137,1533.084,1
Stratum C,138,936.6041,1
Stratum C,138,936.6041,1
Stratum C,138,936.6041,0
Stratum C,138,936.6041,1
Stratum C,138,936.6041,0
Stratum C,138,936.6041,1
Stratum C,138,936.6041,1
Stratum C,139,1203.096,1
Stratum C,139,1203.096,1
Stratum C,139,1203.096,1
Stratum C,139,1203.096,1
Stratum C,139,1203.096,1
Stratum C,139,1203.096,1
Stratum C,139,1203.096,1
Stratum C,140,468.302,1
Stratum C,140,468.302,1
Stratum C,140,468.302,1
Stratum C,140,468.302,1
Stratum C,140,468.302,1
Stratum C,140,468.302,1
Stratum C,140,468.302,1
Stratum C,141,1570.388,1
Stratum C,141,1570.388,1
Stratum C,141,1570.388,1
Stratum C,141,1570.388,1
Stratum C,141,1570.388,1
Stratum C,141,1570.388,0
Stratum C,141,1570.388,1
Stratum C,142,1413.349,1
Stratum C,142,1413.349,0
Stratum C,142,1413.349,1
Stratum C,142,1413.349,0
Stratum C,142,1413.349,1
Stratum C,142,1413.349,1
Stratum C,142,1413.349,1
Stratum C,143,1152.849,0
Stratum C,143,1152.849,1
Stratum C,143,1152.849,0
Stratum C,143,1152.849,1
Stratum C,143,1152.849,1
Stratum C,143,1152.849,1
Stratum C,143,1152.849,0
Stratum C,144,1116.72,1
Stratum C,144,1116.72,1
Stratum C,144,1116.72,0
Stratum C,144,1116.72,1
Stratum C,144,1116.72,0
Stratum C,144,1116.72,1
Stratum C,144,1116.72,1
Stratum C,145,2383.448,1
Stratum C,145,2383.448,0
Stratum C,145,2383.448,1
Stratum C,145,2383.448,1
Stratum C,145,2383.448,1
Stratum C,145,2383.448,0
Stratum C,145,2383.448,1
Stratum C,146,509.6521,1
Stratum C,146,509.6521,1
Stratum C,146,509.6521,0
Stratum C,146,509.6521,0
Stratum C,146,509.6521,1
Stratum C,146,509.6521,1
Stratum C,146,509.6521,0
Stratum C,147,1120.826,0
Stratum C,147,1120.826,1
Stratum C,147,1120.826,1
Stratum C,147,1120.826,0
Stratum C,147,1120.826,1
Stratum C,147,1120.826,0
Stratum C,147,1120.826,1
Stratum C,148,1879.946,1
Stratum C,148,1879.946,0
Stratum C,148,1879.946,1
Stratum C,148,1879.946,1
Stratum C,148,1879.946,1
Stratum C,148,1879.946,0
Stratum C,148,1879.946,1
Stratum C,149,1602.805,1
Stratum C,149,1602.805,0
Stratum C,149,1602.805,1
Stratum C,149,1602.805,0
Stratum C,149,1602.805,1
Stratum C,149,1602.805,1
Stratum C,149,1602.805,0
Stratum C,150,1608.458,1
Stratum C,150,1608.458,1
Stratum C,150,1608.458,0
Stratum C,150,1608.458,1
Stratum C,150,1608.458,1
Stratum C,150,1608.458,0
Stratum C,150,1608.458,1
Stratum D,151,37.09113,0
Stratum D,151,37.09113,1
Stratum D,151,37.09113,0
Stratum D,151,37.09113,1
Stratum D,151,37.09113,0
Stratum D,151,37.09113,0
Stratum D,151,37.09113,0
Stratum D,152,52.18161,1
Stratum D,152,52.18161,1
Stratum D,152,52.18161,1
Stratum D,152,52.18161,1
Stratum D,152,52.18161,1
Stratum D,152,52.18161,1
Stratum D,153,61.11607,1
Stratum D,153,61.11607,0
Stratum D,153,61.11607,1
Stratum D,153,61.11607,0
Stratum D,153,61.11607,1
Stratum D,153,61.11607,0
Stratum D,153,61.11607,0
Stratum D,154,40.26471,1
Stratum D,154,40.26471,1
Stratum D,154,40.26471,1
Stratum D,154,40.26471,1
Stratum D,154,40.26471,1
Stratum D,154,40.26471,1
Stratum D,155,106.6753,0
Stratum D,155,106.6753,1
Stratum D,155,106.6753,1
Stratum D,155,106.6753,0
Stratum D,155,106.6753,1
Stratum D,155,106.6753,1
Stratum D,155,106.6753,1
Stratum D,156,91.14008,1
Stratum D,156,91.14008,0
Stratum D,156,91.14008,1
Stratum D,156,91.14008,0
Stratum D,156,91.14008,0
Stratum D,156,91.14008,0
Stratum D,156,91.14008,0
Stratum D,157,57.52101,1
Stratum D,157,57.52101,1
Stratum D,157,57.52101,1
Stratum D,157,57.52101,1
Stratum D,157,57.52101,0
Stratum D,157,57.52101,1
Stratum D,157,57.52101,1
Stratum D,158,83.22213,0
Stratum D,158,83.22213,0
Stratum D,158,83.22213,0
Stratum D,158,83.22213,0
Stratum D,158,83.22213,0
Stratum D,158,83.22213,0
Stratum D,158,83.22213,0
Stratum D,159,41.07698,1
Stratum D,159,41.07698,1
Stratum D,159,41.07698,1
Stratum D,159,41.07698,1
Stratum D,159,41.07698,1
Stratum D,159,41.07698,1
Stratum D,159,41.07698,1
Stratum D,160,104.9782,0
Stratum D,160,104.9782,0
Stratum D,160,104.9782,1
Stratum D,160,104.9782,1
Stratum D,160,104.9782,1
Stratum D,160,104.9782,1
Stratum D,160,104.9782,0
Stratum D,161,48.97094,0
Stratum D,161,48.97094,1
Stratum D,161,48.97094,1
Stratum D,161,48.97094,1
Stratum D,161,48.97094,1
Stratum D,161,48.97094,0
Stratum D,161,48.97094,1
Stratum D,162,158.7709,0
Stratum D,162,158.7709,0
Stratum D,162,158.7709,0
Stratum D,162,158.7709,0
Stratum D,162,158.7709,0
Stratum D,163,62.80364,1
Stratum D,163,62.80364,0
Stratum D,163,62.80364,1
Stratum D,163,62.80364,1
Stratum D,163,62.80364,1
Stratum D,163,62.80364,1
Stratum D,163,62.80364,1
Stratum D,164,34.35325,1
Stratum D,164,34.35325,0
Stratum D,164,34.35325,1
Stratum D,164,34.35325,1
Stratum D,164,34.35325,0
Stratum D,164,34.35325,1
Stratum D,164,34.35325,0
Stratum D,165,144.3168,0
Stratum D,165,144.3168,0
Stratum D,165,144.3168,0
Stratum D,165,144.3168,1
Stratum D,165,144.3168,0
Stratum D,165,144.3168,0
Stratum D,165,144.3168,1
Stratum D,166,49.11441,0
Stratum D,166,49.11441,0
Stratum D,166,49.11441,0
Stratum D,166,49.11441,0
Stratum D,166,49.11441,1
Stratum D,166,49.11441,0
Stratum D,166,49.11441,0
Stratum D,167,81.21326,0
Stratum D,167,81.21326,0
Stratum D,167,81.21326,0
Stratum D,167,81.21326,0
Stratum D,167,81.21326,0
Stratum D,167,81.21326,0
Stratum D,167,81.21326,0
Stratum D,168,102.0908,0
Stratum D,168,102.0908,1
Stratum D,168,102.0908,1
Stratum D,168,102.0908,0
Stratum D,168,102.0908,1
Stratum D,168,102.0908,1
Stratum D,168,102.0908,0
Stratum D,169,69.82288,1
Stratum D,169,69.82288,0
Stratum D,169,69.82288,1
Stratum D,169,69.82288,0
Stratum D,169,69.82288,1
Stratum D,169,69.82288,0
Stratum D,169,69.82288,0
Stratum D,170,85.33907,1
Stratum D,170,85.33907,0
Stratum D,170,85.33907,1
Stratum D,170,85.33907,0
Stratum D,170,85.33907,1
Stratum D,170,85.33907,1
Stratum D,170,85.33907,0
Stratum D,171,102.4069,1
Stratum D,171,102.4069,0
Stratum D,171,102.4069,1
Stratum D,171,102.4069,0
Stratum D,171,102.4069,0
Stratum D,171,102.4069,0
Stratum D,171,102.4069,0
Stratum D,172,44.688,1
Stratum D,172,44.688,0
Stratum D,172,44.688,1
Stratum D,172,44.688,1
Stratum D,172,44.688,0
Stratum D,172,44.688,1
Stratum D,172,44.688,1
Stratum D,173,82.03725,1
Stratum D,173,82.03725,0
Stratum D,173,82.03725,0
Stratum D,173,82.03725,1
Stratum D,173,82.03725,1
Stratum D,173,82.03725,0
Stratum D,173,82.03725,0
Stratum D,174,35.82133,1
Stratum D,174,35.82133,1
Stratum D,174,35.82133,0
Stratum D,174,35.82133,1
Stratum D,174,35.82133,0
Stratum D,174,35.82133,0
Stratum D,174,35.82133,1
Stratum D,175,188.5993,0
Stratum D,175,188.5993,0
Stratum D,175,188.5993,1
Stratum D,175,188.5993,1
Stratum D,175,188.5993,0
Stratum D,175,188.5993,1
Stratum D,175,188.5993,0
Stratum D,176,162.7025,0
Stratum D,176,162.7025,0
Stratum D,176,162.7025,0
Stratum D,176,162.7025,0
Stratum D,176,162.7025,0
Stratum D,176,162.7025,0
Stratum D,176,162.7025,0
Stratum D,177,22.49247,1
Stratum D,177,22.49247,1
Stratum D,177,22.49247,1
Stratum D,177,22.49247,1
Stratum D,177,22.49247,1
Stratum D,177,22.49247,1
Stratum D,177,22.49247,0
Stratum D,178,72.5382,1
Stratum D,178,72.5382,1
Stratum D,178,72.5382,1
Stratum D,178,72.5382,1
Stratum D,178,72.5382,1
Stratum D,178,72.5382,1
Stratum D,178,72.5382,0
Stratum D,179,19.44073,1
Stratum D,179,19.44073,0
Stratum D,179,19.44073,1
Stratum D,179,19.44073,1
Stratum D,179,19.44073,1
Stratum D,179,19.44073,1
Stratum D,179,19.44073,1
Stratum D,180,15.72644,0
Stratum D,180,15.72644,1
Stratum D,180,15.72644,0
Stratum D,180,15.72644,1
Stratum D,180,15.72644,0
Stratum D,180,15.72644,1
Stratum D,180,15.72644,1
Stratum D,181,64.37022,1
Stratum D,181,64.37022,1
Stratum D,181,64.37022,1
Stratum D,181,64.37022,1
Stratum D,181,64.37022,1
Stratum D,181,64.37022,1
Stratum D,182,55.49371,1
Stratum D,182,55.49371,0
Stratum D,182,55.49371,1
Stratum D,182,55.49371,1
Stratum D,182,55.49371,1
Stratum D,182,55.49371,1
Stratum D,182,55.49371,0
Stratum D,183,116.7281,1
Stratum D,183,116.7281,1
Stratum D,183,116.7281,1
Stratum D,183,116.7281,1
Stratum D,183,116.7281,1
Stratum D,183,116.7281,1
Stratum D,183,116.7281,1
Stratum D,184,39.8249,1
Stratum D,184,39.8249,1
Stratum D,184,39.8249,1
Stratum D,184,39.8249,1
Stratum D,184,39.8249,0
Stratum D,184,39.8249,1
Stratum D,184,39.8249,1
Stratum D,185,35.82134,1
Stratum D,185,35.82134,1
Stratum D,185,35.82134,1
Stratum D,185,35.82134,1
Stratum D,185,35.82134,1
Stratum D,185,35.82134,1
Stratum D,185,35.82134,1
Stratum D,186,86.26165,0
Stratum D,186,86.26165,1
Stratum D,186,86.26165,1
Stratum D,186,86.26165,1
Stratum D,186,86.26165,0
Stratum D,186,86.26165,0
Stratum D,186,86.26165,1
Stratum D,187,30.79025,0
Stratum D,187,30.79025,0
Stratum D,187,30.79025,0
Stratum D,187,30.79025,0
Stratum D,187,30.79025,1
Stratum D,187,30.79025,1
Stratum D,187,30.79025,0
Stratum D,188,43.77306,1
Stratum D,188,43.77306,1
Stratum D,188,43.77306,0
Stratum D,188,43.77306,1
Stratum D,188,43.77306,1
Stratum D,188,43.77306,1
Stratum D,188,43.77306,0
Stratum D,189,24.91211,1
Stratum D,189,24.91211,0
Stratum D,189,24.91211,1
Stratum D,189,24.91211,1
Stratum D,189,24.91211,1
Stratum D,189,24.91211,0
Stratum D,189,24.91211,1
Stratum D,190,124.6055,1
Stratum D,190,124.6055,1
Stratum D,190,124.6055,1
Stratum D,190,124.6055,1
Stratum D,190,124.6055,1
Stratum D,190,124.6055,1
Stratum D,190,124.6055,1
Stratum D,191,81.4464,0
Stratum D,191,81.4464,0
Stratum D,191,81.4464,0
Stratum D,191,81.4464,1
Stratum D,191,81.4464,1
Stratum D,191,81.4464,1
Stratum D,191,81.4464,0
Stratum D,192,60.07305,0
Stratum D,192,60.07305,0
Stratum D,192,60.07305,0
Stratum D,192,60.07305,0
Stratum D,192,60.07305,0
Stratum D,192,60.07305,0
Stratum D,192,60.07305,0
Stratum D,193,73.6591,1
Stratum D,193,73.6591,1
Stratum D,193,73.6591,0
Stratum D,193,73.6591,1
Stratum D,193,73.6591,1
Stratum D,193,73.6591,0
Stratum D,193,73.6591,1
Stratum D,194,43.48814,0
Stratum D,194,43.48814,0
Stratum D,194,43.48814,0
Stratum D,194,43.48814,0
Stratum D,194,43.48814,1
Stratum D,194,43.48814,0
Stratum D,194,43.48814,0
Stratum D,195,41.79156,0
Stratum D,195,41.79156,1
Stratum D,195,41.79156,0
Stratum D,195,41.79156,0
Stratum D,195,41.79156,0
Stratum D,195,41.79156,1
Stratum D,195,41.79156,0
Stratum D,196,58.13627,1
Stratum D,196,58.13627,1
Stratum D,196,58.13627,1
Stratum D,196,58.13627,1
Stratum D,196,58.13627,1
Stratum D,196,58.13627,1
Stratum D,196,58.13627,0
Stratum D,197,37.00929,1
Stratum D,197,37.00929,1
Stratum D,197,37.00929,1
Stratum D,197,37.00929,1
Stratum D,197,37.00929,0
Stratum D,197,37.00929,1
Stratum D,197,37.00929,1
Stratum D,198,164.0745,1
Stratum D,198,164.0745,1
Stratum D,198,164.0745,1
Stratum D,198,164.0745,1
Stratum D,198,164.0745,1
Stratum D,198,164.0745,1
Stratum D,198,164.0745,1
Stratum D,199,68.59405,0
Stratum D,199,68.59405,1
Stratum D,199,68.59405,0
Stratum D,199,68.59405,1
Stratum D,199,68.59405,0
Stratum D,199,68.59405,1
Stratum D,199,68.59405,1
Stratum D,200,86.79786,0
Stratum D,200,86.79786,1
Stratum D,200,86.79786,1
Stratum D,200,86.79786,1
Stratum D,200,86.79786,1
Stratum D,200,86.79786,0
Stratum D,200,86.79786,1
Stratum E,201,11.65838,1
Stratum E,201,11.65838,1
Stratum E,201,11.65838,1
Stratum E,201,11.65838,1
Stratum E,201,11.65838,0
Stratum E,201,11.65838,0
Stratum E,201,11.65838,1
Stratum E,202,37.3249,1
Stratum E,202,37.3249,1
Stratum E,202,37.3249,1
Stratum E,202,37.3249,1
Stratum E,202,37.3249,1
Stratum E,202,37.3249,1
Stratum E,203,24.39165,1
Stratum E,203,24.39165,1
Stratum E,203,24.39165,1
Stratum E,203,24.39165,1
Stratum E,203,24.39165,1
Stratum E,203,24.39165,1
Stratum E,203,24.39165,1
Stratum E,204,46.46233,1
Stratum E,204,46.46233,1
Stratum E,204,46.46233,0
Stratum E,204,46.46233,1
Stratum E,204,46.46233,0
Stratum E,204,46.46233,1
Stratum E,204,46.46233,1
Stratum E,205,16.59274,0
Stratum E,205,16.59274,1
Stratum E,205,16.59274,1
Stratum E,205,16.59274,1
Stratum E,205,16.59274,1
Stratum E,205,16.59274,1
Stratum E,205,16.59274,1
Stratum E,206,8.693138,1
Stratum E,206,8.693138,1
Stratum E,206,8.693138,1
Stratum E,206,8.693138,1
Stratum E,206,8.693138,1
Stratum E,206,8.693138,1
Stratum E,206,8.693138,1
Stratum E,207,20.84377,1
Stratum E,207,20.84377,1
Stratum E,207,20.84377,1
Stratum E,207,20.84377,1
Stratum E,207,20.84377,1
Stratum E,207,20.84377,1
Stratum E,207,20.84377,1
Stratum E,208,17.45798,1
Stratum E,208,17.45798,1
Stratum E,208,17.45798,1
Stratum E,208,17.45798,1
Stratum E,208,17.45798,1
Stratum E,208,17.45798,1
Stratum E,208,17.45798,1
Stratum E,209,19.8799,1
Stratum E,209,19.8799,1
Stratum E,209,19.8799,1
Stratum E,209,19.8799,1
Stratum E,209,19.8799,1
Stratum E,209,19.8799,1
Stratum E,209,19.8799,1
Stratum E,210,10.36301,1
Stratum E,210,10.36301,1
Stratum E,210,10.36301,0
Stratum E,210,10.36301,1
Stratum E,210,10.36301,1
Stratum E,210,10.36301,1
Stratum E,210,10.36301,1
Stratum E,211,29.30666,0
Stratum E,211,29.30666,1
Stratum E,211,29.30666,1
Stratum E,211,29.30666,1
Stratum E,211,29.30666,1
Stratum E,211,29.30666,1
Stratum E,211,29.30666,1
Stratum E,212,30.88766,1
Stratum E,212,30.88766,1
Stratum E,212,30.88766,1
Stratum E,212,30.88766,1
Stratum E,212,30.88766,1
Stratum E,212,30.88766,1
Stratum E,212,30.88766,1
Stratum E,213,14.49481,1
Stratum E,213,14.49481,1
Stratum E,213,14.49481,1
Stratum E,213,14.49481,1
Stratum E,213,14.49481,1
Stratum E,213,14.49481,0
Stratum E,213,14.49481,1
Stratum E,214,28.53281,1
Stratum E,214,28.53281,1
Stratum E,214,28.53281,1
Stratum E,214,28.53281,1
Stratum E,214,28.53281,1
Stratum E,214,28.53281,1
Stratum E,215,17.92736,1
Stratum E,215,17.92736,1
Stratum E,215,17.92736,1
Stratum E,215,17.92736,1
Stratum E,215,17.92736,1
Stratum E,215,17.92736,1
Stratum E,215,17.92736,1
Stratum E,216,11.46408,1
Stratum E,216,11.46408,1
Stratum E,216,11.46408,0
Stratum E,216,11.46408,1
Stratum E,216,11.46408,1
Stratum E,216,11.46408,1
Stratum E,217,7.36225,1
Stratum E,217,7.36225,1
Stratum E,217,7.36225,1
Stratum E,217,7.36225,1
Stratum E,217,7.36225,1
Stratum E,217,7.36225,1
Stratum E,217,7.36225,1
Stratum E,218,29.06385,1
Stratum E,218,29.06385,1
Stratum E,218,29.06385,1
Stratum E,218,29.06385,1
Stratum E,218,29.06385,1
Stratum E,218,29.06385,1
Stratum E,218,29.06385,1
Stratum E,219,26.54839,1
Stratum E,219,26.54839,1
Stratum E,219,26.54839,0
Stratum E,219,26.54839,1
Stratum E,219,26.54839,1
Stratum E,219,26.54839,1
Stratum E,219,26.54839,1
Stratum E,220,10.66426,1
Stratum E,220,10.66426,1
Stratum E,220,10.66426,1
Stratum E,220,10.66426,0
Stratum E,220,10.66426,1
Stratum E,220,10.66426,1
Stratum E,220,10.66426,0
Stratum E,221,17.36981,1
Stratum E,221,17.36981,0
Stratum E,221,17.36981,1
Stratum E,221,17.36981,1
Stratum E,221,17.36981,1
Stratum E,221,17.36981,1
Stratum E,221,17.36981,1
Stratum E,222,9.396784,1
Stratum E,222,9.396784,0
Stratum E,222,9.396784,0
Stratum E,222,9.396784,1
Stratum E,222,9.396784,0
Stratum E,222,9.396784,1
Stratum E,222,9.396784,0
Stratum E,223,55.08712,1
Stratum E,223,55.08712,1
Stratum E,223,55.08712,1
Stratum E,223,55.08712,1
Stratum E,223,55.08712,1
Stratum E,223,55.08712,1
Stratum E,223,55.08712,1
Stratum E,224,50.60006,1
Stratum E,224,50.60006,1
Stratum E,224,50.60006,1
Stratum E,224,50.60006,1
Stratum E,224,50.60006,1
Stratum E,224,50.60006,1
Stratum E,224,50.60006,1
Stratum E,225,16.53059,1
Stratum E,225,16.53059,0
Stratum E,225,16.53059,1
Stratum E,225,16.53059,1
Stratum E,225,16.53059,1
Stratum E,225,16.53059,1
Stratum E,226,23.20111,0
Stratum E,226,23.20111,1
Stratum E,226,23.20111,0
Stratum E,226,23.20111,1
Stratum E,226,23.20111,0
Stratum E,226,23.20111,0
Stratum E,226,23.20111,1
Stratum E,227,14.19362,1
Stratum E,227,14.19362,1
Stratum E,227,14.19362,1
Stratum E,227,14.19362,0
Stratum E,227,14.19362,0
Stratum E,227,14.19362,1
Stratum E,227,14.19362,1
Stratum E,228,17.50241,1
Stratum E,228,17.50241,1
Stratum E,228,17.50241,1
Stratum E,228,17.50241,1
Stratum E,228,17.50241,1
Stratum E,228,17.50241,1
Stratum E,228,17.50241,1
Stratum E,229,20.11241,1
Stratum E,229,20.11241,1
Stratum E,229,20.11241,0
Stratum E,229,20.11241,1
Stratum E,229,20.11241,1
Stratum E,229,20.11241,1
Stratum E,229,20.11241,1
Stratum E,230,14.74382,0
Stratum E,230,14.74382,0
Stratum E,230,14.74382,1
Stratum E,230,14.74382,0
Stratum E,230,14.74382,1
Stratum E,230,14.74382,0
Stratum E,231,22.15746,1
Stratum E,231,22.15746,1
Stratum E,231,22.15746,1
Stratum E,231,22.15746,1
Stratum E,231,22.15746,1
Stratum E,231,22.15746,1
Stratum E,231,22.15746,1
Stratum E,232,33.73812,1
Stratum E,232,33.73812,1
Stratum E,232,33.73812,0
Stratum E,232,33.73812,1
Stratum E,232,33.73812,1
Stratum E,232,33.73812,1
Stratum E,233,28.66019,1
Stratum E,233,28.66019,0
Stratum E,233,28.66019,1
Stratum E,233,28.66019,1
Stratum E,233,28.66019,1
Stratum E,233,28.66019,1
Stratum E,234,10.50874,0
Stratum E,234,10.50874,0
Stratum E,234,10.50874,1
Stratum E,234,10.50874,0
Stratum E,234,10.50874,0
Stratum E,234,10.50874,1
Stratum E,234,10.50874,1
Stratum E,235,17.65079,1
Stratum E,235,17.65079,1
Stratum E,235,17.65079,1
Stratum E,235,17.65079,1
Stratum E,235,17.65079,1
Stratum E,235,17.65079,1
Stratum E,236,12.08696,1
Stratum E,236,12.08696,1
Stratum E,236,12.08696,1
Stratum E,236,12.08696,1
Stratum E,236,12.08696,1
Stratum E,236,12.08696,1
Stratum E,236,12.08696,0
Stratum E,237,13.31418,0
Stratum E,237,13.31418,1
Stratum E,237,13.31418,0
Stratum E,237,13.31418,0
Stratum E,237,13.31418,1
Stratum E,237,13.31418,1
Stratum E,238,11.12,1
Stratum E,238,11.12,1
Stratum E,238,11.12,0
Stratum E,238,11.12,1
Stratum E,238,11.12,1
Stratum E,238,11.12,1
Stratum E,238,11.12,1
Stratum E,239,18.55808,1
Stratum E,239,18.55808,0
Stratum E,239,18.55808,1
Stratum E,239,18.55808,1
Stratum E,239,18.55808,1
Stratum E,239,18.55808,1
Stratum E,239,18.55808,1
Stratum E,240,13.51533,1
Stratum E,240,13.51533,1
Stratum E,240,13.51533,1
Stratum E,240,13.51533,0
Stratum E,240,13.51533,1
Stratum E,240,13.51533,1
Stratum E,240,13.51533,1
Stratum E,241,9.455783,1
Stratum E,241,9.455783,1
Stratum E,241,9.455783,1
Stratum E,241,9.455783,0
Stratum E,241,9.455783,0
Stratum E,241,9.455783,0
Stratum E,241,9.455783,1
Stratum E,242,7.674258,1
Stratum E,242,7.674258,1
Stratum E,242,7.674258,0
Stratum E,242,7.674258,1
Stratum E,242,7.674258,0
Stratum E,242,7.674258,0
Stratum E,242,7.674258,0
Stratum E,243,19.61199,1
Stratum E,243,19.61199,1
Stratum E,243,19.61199,0
Stratum E,243,19.61199,1
Stratum E,243,19.61199,1
Stratum E,243,19.61199,1
Stratum E,243,19.61199,1
Stratum E,244,6.682693,0
Stratum E,244,6.682693,0
Stratum E,244,6.682693,0
Stratum E,244,6.682693,1
Stratum E,244,6.682693,1
Stratum E,244,6.682693,1
Stratum E,244,6.682693,1
Stratum E,245,36.298,0
Stratum E,245,36.298,1
Stratum E,245,36.298,0
Stratum E,245,36.298,1
Stratum E,245,36.298,0
Stratum E,245,36.298,0
Stratum E,245,36.298,1
Stratum E,246,12.59233,0
Stratum E,246,12.59233,1
Stratum E,246,12.59233,0
Stratum E,246,12.59233,0
Stratum E,246,12.59233,0
Stratum E,246,12.59233,1
Stratum E,246,12.59233,1
Stratum E,247,18.706,1
Stratum E,247,18.706,1
Stratum E,247,18.706,0
Stratum E,247,18.706,1
Stratum E,247,18.706,1
Stratum E,247,18.706,1
Stratum E,247,18.706,1
Stratum E,248,10.01029,1
Stratum E,248,10.01029,1
Stratum E,248,10.01029,1
Stratum E,248,10.01029,1
Stratum E,248,10.01029,1
Stratum E,248,10.01029,1
Stratum E,249,11.96213,1
Stratum E,249,11.96213,1
Stratum E,249,11.96213,1
Stratum E,249,11.96213,1
Stratum E,249,11.96213,1
Stratum E,249,11.96213,1
Stratum E,249,11.96213,1
Stratum E,250,8.596166,0
Stratum E,250,8.596166,0
Stratum E,250,8.596166,1
Stratum E,250,8.596166,0
Stratum E,250,8.596166,0
Stratum E,250,8.596166,1
Stratum E,250,8.596166,1
Stratum F,251,28.21066,1
Stratum F,251,28.21066,1
Stratum F,251,28.21066,0
Stratum F,251,28.21066,0
Stratum F,251,28.21066,0
Stratum F,252,19.65918,1
Stratum F,252,19.65918,1
Stratum F,252,19.65918,0
Stratum F,252,19.65918,0
Stratum F,252,19.65918,1
Stratum F,253,18.62049,0
Stratum F,253,18.62049,0
Stratum F,253,18.62049,0
Stratum F,253,18.62049,0
Stratum F,254,29.40476,1
Stratum F,254,29.40476,0
Stratum F,254,29.40476,0
Stratum F,254,29.40476,1
Stratum F,254,29.40476,0
Stratum F,254,29.40476,1
Stratum F,255,27.18933,1
Stratum F,255,27.18933,0
Stratum F,255,27.18933,0
Stratum F,255,27.18933,0
Stratum F,255,27.18933,1
Stratum F,255,27.18933,1
Stratum F,255,27.18933,1
Stratum F,256,32.50731,0
Stratum F,256,32.50731,0
Stratum F,256,32.50731,0
Stratum F,256,32.50731,0
Stratum F,256,32.50731,1
Stratum F,256,32.50731,1
Stratum F,256,32.50731,1
Stratum F,257,7.434783,0
Stratum F,257,7.434783,1
Stratum F,257,7.434783,1
Stratum F,257,7.434783,0
Stratum F,257,7.434783,1
Stratum F,257,7.434783,1
Stratum F,257,7.434783,1
Stratum F,258,10.49245,1
Stratum F,258,10.49245,1
Stratum F,258,10.49245,1
Stratum F,258,10.49245,0
Stratum F,258,10.49245,0
Stratum F,258,10.49245,0
Stratum F,258,10.49245,1
Stratum F,259,9.5,1
Stratum F,259,9.5,1
Stratum F,259,9.5,1
Stratum F,259,9.5,0
Stratum F,259,9.5,0
Stratum F,259,9.5,0
Stratum F,259,9.5,0
Stratum F,260,7.264706,0
Stratum F,260,7.264706,0
Stratum F,260,7.264706,0
Stratum F,260,7.264706,1
Stratum F,260,7.264706,1
Stratum F,260,7.264706,1
Stratum F,260,7.264706,0
Stratum F,261,11.91667,1
Stratum F,261,11.91667,1
Stratum F,261,11.91667,1
Stratum F,261,11.91667,1
Stratum F,261,11.91667,1
Stratum F,261,11.91667,1
Stratum F,262,14.51755,0
Stratum F,262,14.51755,1
Stratum F,262,14.51755,0
Stratum F,262,14.51755,1
Stratum F,262,14.51755,0
Stratum F,262,14.51755,1
Stratum F,262,14.51755,1
Stratum F,263,15.23701,1
Stratum F,263,15.23701,1
Stratum F,263,15.23701,1
Stratum F,263,15.23701,0
Stratum F,263,15.23701,1
Stratum F,263,15.23701,1
Stratum F,263,15.23701,0
Stratum F,264,20.67033,1
Stratum F,264,20.67033,1
Stratum F,264,20.67033,0
Stratum F,264,20.67033,0
Stratum F,264,20.67033,0
Stratum F,264,20.67033,0
Stratum F,264,20.67033,0
Stratum F,265,26.22149,0
Stratum F,265,26.22149,1
Stratum F,265,26.22149,1
Stratum F,265,26.22149,0
Stratum F,265,26.22149,0
Stratum F,265,26.22149,0
Stratum F,265,26.22149,0
Stratum F,266,7.472269,0
Stratum F,266,7.472269,1
Stratum F,266,7.472269,1
Stratum F,266,7.472269,0
Stratum F,266,7.472269,1
Stratum F,266,7.472269,0
Stratum F,266,7.472269,1
Stratum F,267,19.55417,1
Stratum F,267,19.55417,0
Stratum F,267,19.55417,1
Stratum F,267,19.55417,1
Stratum F,267,19.55417,0
Stratum F,267,19.55417,1
Stratum F,268,25.58214,1
Stratum F,268,25.58214,1
Stratum F,268,25.58214,0
Stratum F,268,25.58214,0
Stratum F,268,25.58214,0
Stratum F,268,25.58214,1
Stratum F,268,25.58214,0
Stratum F,269,26.94056,0
Stratum F,269,26.94056,0
Stratum F,269,26.94056,0
Stratum F,269,26.94056,0
Stratum F,269,26.94056,0
Stratum F,269,26.94056,1
Stratum F,270,13.94486,0
Stratum F,270,13.94486,1
Stratum F,270,13.94486,0
Stratum F,270,13.94486,0
Stratum F,270,13.94486,1
Stratum F,270,13.94486,0
Stratum F,270,13.94486,0
Stratum F,271,16.4169,1
Stratum F,271,16.4169,1
Stratum F,271,16.4169,1
Stratum F,271,16.4169,1
Stratum F,271,16.4169,1
Stratum F,271,16.4169,1
Stratum F,272,15.18843,1
Stratum F,272,15.18843,1
Stratum F,272,15.18843,1
Stratum F,272,15.18843,1
Stratum F,272,15.18843,1
Stratum F,272,15.18843,1
Stratum F,272,15.18843,0
Stratum F,273,16.66454,1
Stratum F,273,16.66454,1
Stratum F,273,16.66454,0
Stratum F,273,16.66454,0
Stratum F,273,16.66454,0
Stratum F,273,16.66454,0
Stratum F,273,16.66454,1
Stratum F,274,18.42714,0
Stratum F,274,18.42714,0
Stratum F,274,18.42714,0
Stratum F,274,18.42714,0
Stratum F,274,18.42714,0
Stratum F,274,18.42714,1
Stratum F,274,18.42714,0
Stratum F,275,43.77841,0
Stratum F,275,43.77841,0
Stratum F,275,43.77841,0
Stratum F,275,43.77841,0
Stratum F,275,43.77841,0
Stratum F,275,43.77841,0
Stratum F,276,14.6421,0
Stratum F,276,14.6421,0
Stratum F,276,14.6421,0
Stratum F,276,14.6421,1
Stratum F,276,14.6421,0
Stratum F,276,14.6421,0
Stratum F,277,18.76217,0
Stratum F,277,18.76217,0
Stratum F,277,18.76217,0
Stratum F,277,18.76217,0
Stratum F,277,18.76217,0
Stratum F,277,18.76217,1
Stratum F,277,18.76217,0
Stratum F,278,6.657546,1
Stratum F,278,6.657546,1
Stratum F,278,6.657546,0
Stratum F,278,6.657546,0
Stratum F,278,6.657546,0
Stratum F,278,6.657546,0
Stratum F,278,6.657546,0
Stratum F,279,18.05859,1
Stratum F,279,18.05859,0
Stratum F,279,18.05859,1
Stratum F,279,18.05859,1
Stratum F,279,18.05859,1
Stratum F,280,19.2625,0
Stratum F,280,19.2625,0
Stratum F,280,19.2625,0
Stratum F,280,19.2625,0
Stratum F,280,19.2625,0
Stratum F,280,19.2625,0
Stratum F,281,7.97619,0
Stratum F,281,7.97619,0
Stratum F,281,7.97619,0
Stratum F,281,7.97619,0
Stratum F,281,7.97619,0
Stratum F,281,7.97619,0
Stratum F,281,7.97619,0
Stratum F,282,15.36902,0
Stratum F,282,15.36902,0
Stratum F,282,15.36902,0
Stratum F,282,15.36902,0
Stratum F,282,15.36902,0
Stratum F,282,15.36902,0
Stratum F,283,14.95536,0
Stratum F,283,14.95536,0
Stratum F,283,14.95536,0
Stratum F,283,14.95536,0
Stratum F,283,14.95536,0
Stratum F,283,14.95536,0
Stratum F,283,14.95536,0
Stratum F,284,48.67546,0
Stratum F,284,48.67546,0
Stratum F,284,48.67546,0
Stratum F,284,48.67546,1
Stratum F,284,48.67546,0
Stratum F,284,48.67546,0
Stratum F,284,48.67546,0
Stratum F,285,8.973214,0
Stratum F,285,8.973214,0
Stratum F,285,8.973214,0
Stratum F,285,8.973214,1
Stratum F,285,8.973214,0
Stratum F,285,8.973214,0
Stratum F,285,8.973214,0
Stratum F,286,27.51786,0
Stratum F,286,27.51786,0
Stratum F,286,27.51786,0
Stratum F,286,27.51786,1
Stratum F,286,27.51786,0
Stratum F,286,27.51786,0
Stratum F,287,21.79016,0
Stratum F,287,21.79016,0
Stratum F,287,21.79016,0
Stratum F,287,21.79016,0
Stratum F,287,21.79016,0
Stratum F,287,21.79016,0
Stratum F,288,24.07813,0
Stratum F,288,24.07813,0
Stratum F,288,24.07813,0
Stratum F,288,24.07813,0
Stratum F,288,24.07813,1
Stratum F,288,24.07813,0
Stratum F,289,10.72124,1
Stratum F,289,10.72124,1
Stratum F,289,10.72124,1
Stratum F,289,10.72124,1
Stratum F,289,10.72124,1
Stratum F,289,10.72124,1
Stratum F,289,10.72124,1
Stratum F,290,15.79469,1
Stratum F,290,15.79469,1
Stratum F,290,15.79469,1
Stratum F,290,15.79469,1
Stratum F,290,15.79469,0
Stratum F,290,15.79469,0
Stratum F,290,15.79469,0
Stratum F,291,20.99118,1
Stratum F,291,20.99118,0
Stratum F,291,20.99118,1
Stratum F,291,20.99118,0
Stratum F,291,20.99118,0
Stratum F,291,20.99118,1
Stratum F,292,29.07547,0
Stratum F,292,29.07547,0
Stratum F,292,29.07547,0
Stratum F,292,29.07547,0
Stratum F,292,29.07547,0
Stratum F,293,13.89123,1
Stratum F,293,13.89123,1
Stratum F,293,13.89123,1
Stratum F,293,13.89123,0
Stratum F,293,13.89123,1
Stratum F,293,13.89123,0
Stratum F,293,13.89123,1
Stratum F,294,53.07015,1
Stratum F,294,53.07015,0
Stratum F,294,53.07015,0
Stratum F,294,53.07015,0
Stratum F,294,53.07015,0
Stratum F,294,53.07015,0
Stratum F,294,53.07015,0
Stratum F,295,26.23898,0
Stratum F,295,26.23898,0
Stratum F,295,26.23898,0
Stratum F,295,26.23898,0
Stratum F,295,26.23898,1
Stratum F,295,26.23898,0
Stratum F,296,19.5228,0
Stratum F,296,19.5228,1
Stratum F,296,19.5228,1
Stratum F,296,19.5228,1
Stratum F,296,19.5228,0
Stratum F,296,19.5228,1
Stratum F,297,9.468926,0
Stratum F,297,9.468926,0
Stratum F,297,9.468926,0
Stratum F,297,9.468926,0
Stratum F,297,9.468926,0
Stratum F,297,9.468926,0
Stratum F,298,2.00651,0
Stratum F,298,2.00651,0
Stratum F,298,2.00651,0
Stratum F,298,2.00651,1
Stratum F,298,2.00651,0
Stratum F,298,2.00651,0
Stratum F,299,22.70223,0
Stratum F,299,22.70223,0
Stratum F,299,22.70223,0
Stratum F,299,22.70223,0
Stratum F,299,22.70223,0
Stratum F,299,22.70223,0
Stratum F,299,22.70223,0
Stratum F,300,8.676802,0
Stratum F,300,8.676802,1
Stratum F,300,8.676802,0
Stratum F,300,8.676802,0
Stratum F,300,8.676802,0
Stratum F,300,8.676802,0
Stratum G,301,7.023997,1
Stratum G,301,7.023997,1
Stratum G,301,7.023997,1
Stratum G,301,7.023997,1
Stratum G,301,7.023997,1
Stratum G,301,7.023997,1
Stratum G,301,7.023997,0
Stratum G,301,7.023997,1
Stratum G,302,16.65449,1
Stratum G,302,16.65449,1
Stratum G,302,16.65449,1
Stratum G,302,16.65449,1
Stratum G,302,16.65449,0
Stratum G,302,16.65449,1
Stratum G,302,16.65449,1
Stratum G,303,10.53198,0
Stratum G,303,10.53198,1
Stratum G,303,10.53198,1
Stratum G,303,10.53198,0
Stratum G,303,10.53198,1
Stratum G,303,10.53198,0
Stratum G,303,10.53198,1
Stratum G,304,6.269037,1
Stratum G,304,6.269037,1
Stratum G,304,6.269037,1
Stratum G,304,6.269037,1
Stratum G,304,6.269037,1
Stratum G,304,6.269037,1
Stratum G,304,6.269037,1
Stratum G,305,7.773798,1
Stratum G,305,7.773798,1
Stratum G,305,7.773798,1
Stratum G,305,7.773798,1
Stratum G,305,7.773798,1
Stratum G,305,7.773798,1
Stratum G,305,7.773798,1
Stratum G,305,7.773798,1
Stratum G,306,9.944767,1
Stratum G,306,9.944767,1
Stratum G,306,9.944767,1
Stratum G,306,9.944767,1
Stratum G,306,9.944767,1
Stratum G,306,9.944767,1
Stratum G,307,5.759677,0
Stratum G,307,5.759677,1
Stratum G,307,5.759677,0
Stratum G,307,5.759677,1
Stratum G,307,5.759677,1
Stratum G,307,5.759677,1
Stratum G,307,5.759677,1
Stratum G,308,10.84175,1
Stratum G,308,10.84175,1
Stratum G,308,10.84175,0
Stratum G,308,10.84175,1
Stratum G,308,10.84175,1
Stratum G,308,10.84175,0
Stratum G,308,10.84175,1
Stratum G,309,3.397413,1
Stratum G,309,3.397413,1
Stratum G,309,3.397413,0
Stratum G,309,3.397413,1
Stratum G,309,3.397413,1
Stratum G,309,3.397413,0
Stratum G,309,3.397413,0
Stratum G,310,7.789927,1
Stratum G,310,7.789927,1
Stratum G,310,7.789927,1
Stratum G,310,7.789927,1
Stratum G,310,7.789927,1
Stratum G,310,7.789927,1
Stratum G,310,7.789927,1
Stratum G,311,5.68857,1
Stratum G,311,5.68857,1
Stratum G,311,5.68857,0
Stratum G,311,5.68857,1
Stratum G,311,5.68857,1
Stratum G,311,5.68857,1
Stratum G,311,5.68857,1
Stratum G,312,17.44756,0
Stratum G,312,17.44756,1
Stratum G,312,17.44756,0
Stratum G,312,17.44756,0
Stratum G,312,17.44756,1
Stratum G,312,17.44756,1
Stratum G,312,17.44756,1
Stratum G,313,5.420873,1
Stratum G,313,5.420873,1
Stratum G,313,5.420873,0
Stratum G,313,5.420873,1
Stratum G,313,5.420873,1
Stratum G,313,5.420873,1
Stratum G,313,5.420873,1
Stratum G,314,6.510153,1
Stratum G,314,6.510153,1
Stratum G,314,6.510153,1
Stratum G,314,6.510153,1
Stratum G,314,6.510153,1
Stratum G,314,6.510153,1
Stratum G,314,6.510153,0
Stratum G,315,8.648525,1
Stratum G,315,8.648525,1
Stratum G,315,8.648525,1
Stratum G,315,8.648525,0
Stratum G,315,8.648525,1
Stratum G,315,8.648525,1
Stratum G,315,8.648525,0
Stratum G,316,5.091427,1
Stratum G,316,5.091427,1
Stratum G,316,5.091427,1
Stratum G,316,5.091427,1
Stratum G,316,5.091427,1
Stratum G,316,5.091427,1
Stratum G,316,5.091427,1
Stratum G,317,6.040111,1
Stratum G,317,6.040111,1
Stratum G,317,6.040111,1
Stratum G,317,6.040111,1
Stratum G,317,6.040111,1
Stratum G,317,6.040111,1
Stratum G,318,4.137564,1
Stratum G,318,4.137564,1
Stratum G,318,4.137564,1
Stratum G,318,4.137564,1
Stratum G,318,4.137564,1
Stratum G,318,4.137564,1
Stratum G,318,4.137564,1
Stratum G,319,4.050762,1
Stratum G,319,4.050762,1
Stratum G,319,4.050762,1
Stratum G,319,4.050762,1
Stratum G,319,4.050762,1
Stratum G,319,4.050762,1
Stratum G,319,4.050762,1
Stratum G,320,4.406687,1
Stratum G,320,4.406687,1
Stratum G,320,4.406687,1
Stratum G,320,4.406687,1
Stratum G,320,4.406687,1
Stratum G,320,4.406687,1
Stratum G,320,4.406687,1
Stratum G,321,6.040111,1
Stratum G,321,6.040111,1
Stratum G,321,6.040111,1
Stratum G,321,6.040111,1
Stratum G,321,6.040111,1
Stratum G,321,6.040111,1
Stratum G,322,5.817856,0
Stratum G,322,5.817856,1
Stratum G,322,5.817856,1
Stratum G,322,5.817856,1
Stratum G,322,5.817856,1
Stratum G,322,5.817856,0
Stratum G,322,5.817856,1
Stratum G,322,5.817856,1
Stratum G,323,6.801095,1
Stratum G,323,6.801095,1
Stratum G,323,6.801095,1
Stratum G,323,6.801095,1
Stratum G,323,6.801095,1
Stratum G,323,6.801095,1
Stratum G,323,6.801095,1
Stratum G,324,8.735056,1
Stratum G,324,8.735056,1
Stratum G,324,8.735056,0
Stratum G,324,8.735056,1
Stratum G,324,8.735056,1
Stratum G,324,8.735056,0
Stratum G,324,8.735056,1
Stratum G,325,2.941894,1
Stratum G,325,2.941894,1
Stratum G,325,2.941894,1
Stratum G,325,2.941894,1
Stratum G,325,2.941894,1
Stratum G,325,2.941894,1
Stratum G,325,2.941894,0
Stratum G,326,6.535804,1
Stratum G,326,6.535804,1
Stratum G,326,6.535804,1
Stratum G,326,6.535804,1
Stratum G,326,6.535804,1
Stratum G,326,6.535804,1
Stratum G,326,6.535804,1
Stratum G,327,5.239792,1
Stratum G,327,5.239792,1
Stratum G,327,5.239792,1
Stratum G,327,5.239792,1
Stratum G,327,5.239792,1
Stratum G,327,5.239792,1
Stratum G,327,5.239792,1
Stratum G,328,5.452949,1
Stratum G,328,5.452949,1
Stratum G,328,5.452949,1
Stratum G,328,5.452949,1
Stratum G,328,5.452949,0
Stratum G,328,5.452949,1
Stratum G,328,5.452949,0
Stratum G,329,6.794827,0
Stratum G,329,6.794827,1
Stratum G,329,6.794827,1
Stratum G,329,6.794827,0
Stratum G,329,6.794827,1
Stratum G,329,6.794827,1
Stratum G,329,6.794827,1
Stratum G,330,12.97042,1
Stratum G,330,12.97042,1
Stratum G,330,12.97042,1
Stratum G,330,12.97042,0
Stratum G,330,12.97042,0
Stratum G,330,12.97042,0
Stratum G,330,12.97042,1
Stratum G,331,9.508039,1
Stratum G,331,9.508039,0
Stratum G,331,9.508039,0
Stratum G,331,9.508039,1
Stratum G,331,9.508039,1
Stratum G,331,9.508039,0
Stratum G,331,9.508039,0
Stratum G,332,9.787326,1
Stratum G,332,9.787326,1
Stratum G,332,9.787326,0
Stratum G,332,9.787326,1
Stratum G,332,9.787326,1
Stratum G,332,9.787326,0
Stratum G,332,9.787326,1
Stratum G,333,30.9062,1
Stratum G,333,30.9062,1
Stratum G,333,30.9062,1
Stratum G,333,30.9062,1
Stratum G,333,30.9062,1
Stratum G,333,30.9062,0
Stratum G,334,14.17475,0
Stratum G,334,14.17475,1
Stratum G,334,14.17475,1
Stratum G,334,14.17475,0
Stratum G,334,14.17475,0
Stratum G,334,14.17475,1
Stratum G,334,14.17475,0
Stratum G,335,15.05742,0
Stratum G,335,15.05742,1
Stratum G,335,15.05742,1
Stratum G,335,15.05742,0
Stratum G,335,15.05742,1
Stratum G,335,15.05742,0
Stratum G,335,15.05742,1
Stratum G,336,13.14863,0
Stratum G,336,13.14863,0
Stratum G,336,13.14863,0
Stratum G,336,13.14863,0
Stratum G,336,13.14863,0
Stratum G,336,13.14863,0
Stratum G,336,13.14863,0
Stratum G,337,7.446878,1
Stratum G,337,7.446878,0
Stratum G,337,7.446878,1
Stratum G,337,7.446878,0
Stratum G,337,7.446878,0
Stratum G,337,7.446878,1
Stratum G,337,7.446878,1
Stratum G,338,15.9044,0
Stratum G,338,15.9044,0
Stratum G,338,15.9044,0
Stratum G,338,15.9044,1
Stratum G,338,15.9044,1
Stratum G,338,15.9044,1
Stratum G,338,15.9044,1
Stratum G,339,12.4566,0
Stratum G,339,12.4566,0
Stratum G,339,12.4566,0
Stratum G,339,12.4566,0
Stratum G,339,12.4566,0
Stratum G,339,12.4566,0
Stratum G,339,12.4566,0
Stratum G,340,18.89966,0
Stratum G,340,18.89966,0
Stratum G,340,18.89966,0
Stratum G,340,18.89966,0
Stratum G,340,18.89966,0
Stratum G,340,18.89966,0
Stratum G,340,18.89966,0
Stratum G,341,13.956,0
Stratum G,341,13.956,0
Stratum G,341,13.956,1
Stratum G,341,13.956,0
Stratum G,341,13.956,0
Stratum G,341,13.956,0
Stratum G,341,13.956,1
Stratum G,342,19.57465,0
Stratum G,342,19.57465,0
Stratum G,342,19.57465,1
Stratum G,342,19.57465,0
Stratum G,342,19.57465,0
Stratum G,342,19.57465,0
Stratum G,342,19.57465,0
Stratum G,343,15.6712,0
Stratum G,343,15.6712,1
Stratum G,343,15.6712,1
Stratum G,343,15.6712,0
Stratum G,343,15.6712,1
Stratum G,343,15.6712,0
Stratum G,343,15.6712,1
Stratum G,344,23.43807,0
Stratum G,344,23.43807,0
Stratum G,344,23.43807,1
Stratum G,344,23.43807,1
Stratum G,344,23.43807,1
Stratum G,344,23.43807,0
Stratum G,344,23.43807,1
Stratum G,345,19.36188,0
Stratum G,345,19.36188,1
Stratum G,345,19.36188,0
Stratum G,345,19.36188,1
Stratum G,345,19.36188,1
Stratum G,345,19.36188,0
Stratum G,345,19.36188,1
Stratum G,346,28.37745,0
Stratum G,346,28.37745,1
Stratum G,346,28.37745,0
Stratum G,346,28.37745,0
Stratum G,346,28.37745,0
Stratum G,346,28.37745,1
Stratum G,346,28.37745,0
Stratum G,347,15.67631,1
Stratum G,347,15.67631,0
Stratum G,347,15.67631,1
Stratum G,347,15.67631,1
Stratum G,347,15.67631,1
Stratum G,347,15.67631,1
Stratum G,347,15.67631,1
Stratum G,348,6.228298,1
Stratum G,348,6.228298,1
Stratum G,348,6.228298,0
Stratum G,348,6.228298,0
Stratum G,348,6.228298,1
Stratum G,348,6.228298,0
Stratum G,348,6.228298,1
Stratum G,349,27.40451,1
Stratum G,349,27.40451,1
Stratum G,349,27.40451,1
Stratum G,349,27.40451,0
Stratum G,349,27.40451,1
Stratum G,349,27.40451,0
Stratum G,349,27.40451,0
Stratum G,350,11.41855,1
Stratum G,350,11.41855,0
Stratum G,350,11.41855,0
Stratum G,350,11.41855,0
Stratum G,350,11.41855,0
Stratum G,350,11.41855,0
Stratum G,350,11.41855,0
Stratum H,351,3533.617,0
Stratum H,351,3533.617,1
Stratum H,351,3533.617,1
Stratum H,351,3533.617,1
Stratum H,351,3533.617,1
Stratum H,351,3533.617,1
Stratum H,351,3533.617,1
Stratum H,352,3234.85,1
Stratum H,352,3234.85,1
Stratum H,352,3234.85,1
Stratum H,352,3234.85,1
Stratum H,352,3234.85,1
Stratum H,352,3234.85,1
Stratum H,352,3234.85,1
Stratum H,353,1288.01,1
Stratum H,353,1288.01,1
Stratum H,353,1288.01,1
Stratum H,353,1288.01,0
Stratum H,353,1288.01,1
Stratum H,353,1288.01,1
Stratum H,353,1288.01,1
Stratum H,354,1223.394,1
Stratum H,354,1223.394,1
Stratum H,354,1223.394,1
Stratum H,354,1223.394,0
Stratum H,354,1223.394,1
Stratum H,354,1223.394,1
Stratum H,354,1223.394,1
Stratum H,355,2899.724,1
Stratum H,355,2899.724,0
Stratum H,355,2899.724,1
Stratum H,355,2899.724,0
Stratum H,355,2899.724,1
Stratum H,355,2899.724,1
Stratum H,355,2899.724,1
Stratum H,356,2215.29,0
Stratum H,356,2215.29,1
Stratum H,356,2215.29,0
Stratum H,356,2215.29,0
Stratum H,356,2215.29,0
Stratum H,356,2215.29,1
Stratum H,356,2215.29,0
Stratum H,357,1331.057,1
Stratum H,357,1331.057,0
Stratum H,357,1331.057,1
Stratum H,357,1331.057,1
Stratum H,357,1331.057,1
Stratum H,357,1331.057,1
Stratum H,357,1331.057,1
Stratum H,358,1186.508,1
Stratum H,358,1186.508,1
Stratum H,358,1186.508,1
Stratum H,358,1186.508,1
Stratum H,358,1186.508,1
Stratum H,358,1186.508,1
Stratum H,358,1186.508,1
Stratum H,359,1586.53,1
Stratum H,359,1586.53,1
Stratum H,359,1586.53,1
Stratum H,359,1586.53,1
Stratum H,359,1586.53,1
Stratum H,359,1586.53,1
Stratum H,359,1586.53,1
Stratum H,360,1290.057,0
Stratum H,360,1290.057,1
Stratum H,360,1290.057,0
Stratum H,360,1290.057,0
Stratum H,360,1290.057,1
Stratum H,360,1290.057,1
Stratum H,360,1290.057,1
Stratum H,361,2279.498,1
Stratum H,361,2279.498,0
Stratum H,361,2279.498,0
Stratum H,361,2279.498,0
Stratum H,361,2279.498,0
Stratum H,361,2279.498,0
Stratum H,361,2279.498,0
Stratum H,362,2788.628,1
Stratum H,362,2788.628,1
Stratum H,362,2788.628,1
Stratum H,362,2788.628,1
Stratum H,362,2788.628,1
Stratum H,362,2788.628,1
Stratum H,362,2788.628,1
Stratum H,363,1530.686,0
Stratum H,363,1530.686,1
Stratum H,363,1530.686,0
Stratum H,363,1530.686,0
Stratum H,363,1530.686,1
Stratum H,363,1530.686,0
Stratum H,363,1530.686,1
Stratum H,364,820.4575,0
Stratum H,364,820.4575,0
Stratum H,364,820.4575,0
Stratum H,364,820.4575,0
Stratum H,364,820.4575,1
Stratum H,364,820.4575,0
Stratum H,364,820.4575,0
Stratum H,365,2657.034,0
Stratum H,365,2657.034,0
Stratum H,365,2657.034,0
Stratum H,365,2657.034,1
Stratum H,365,2657.034,0
Stratum H,365,2657.034,0
Stratum H,366,1831.231,0
Stratum H,366,1831.231,0
Stratum H,366,1831.231,0
Stratum H,366,1831.231,0
Stratum H,366,1831.231,0
Stratum H,366,1831.231,0
Stratum H,366,1831.231,0
Stratum H,367,2796.273,1
Stratum H,367,2796.273,0
Stratum H,367,2796.273,0
Stratum H,367,2796.273,0
Stratum H,367,2796.273,0
Stratum H,367,2796.273,1
Stratum H,367,2796.273,0
Stratum H,368,1839.631,0
Stratum H,368,1839.631,1
Stratum H,368,1839.631,0
Stratum H,368,1839.631,1
Stratum H,368,1839.631,0
Stratum H,368,1839.631,0
Stratum H,368,1839.631,1
Stratum H,369,2088.748,1
Stratum H,369,2088.748,1
Stratum H,369,2088.748,1
Stratum H,369,2088.748,1
Stratum H,369,2088.748,1
Stratum H,369,2088.748,1
Stratum H,369,2088.748,1
Stratum H,370,1738.189,1
Stratum H,370,1738.189,1
Stratum H,370,1738.189,1
Stratum H,370,1738.189,1
Stratum H,370,1738.189,1
Stratum H,370,1738.189,1
Stratum H,371,1723.419,0
Stratum H,371,1723.419,0
Stratum H,371,1723.419,0
Stratum H,371,1723.419,1
Stratum H,371,1723.419,1
Stratum H,371,1723.419,0
Stratum H,371,1723.419,0
Stratum H,372,1394.778,0
Stratum H,372,1394.778,1
Stratum H,372,1394.778,1
Stratum H,372,1394.778,1
Stratum H,372,1394.778,1
Stratum H,372,1394.778,0
Stratum H,372,1394.778,1
Stratum H,373,2056.614,0
Stratum H,373,2056.614,0
Stratum H,373,2056.614,1
Stratum H,373,2056.614,1
Stratum H,373,2056.614,1
Stratum H,373,2056.614,1
Stratum H,373,2056.614,1
Stratum H,374,610.8753,1
Stratum H,374,610.8753,1
Stratum H,374,610.8753,1
Stratum H,374,610.8753,0
Stratum H,374,610.8753,1
Stratum H,374,610.8753,0
Stratum H,374,610.8753,0
Stratum H,375,1139.317,1
Stratum H,375,1139.317,1
Stratum H,375,1139.317,1
Stratum H,375,1139.317,1
Stratum H,375,1139.317,1
Stratum H,375,1139.317,1
Stratum H,375,1139.317,1
Stratum H,376,3655.541,1
Stratum H,376,3655.541,1
Stratum H,376,3655.541,0
Stratum H,376,3655.541,1
Stratum H,376,3655.541,0
Stratum H,376,3655.541,1
Stratum H,376,3655.541,1
Stratum H,377,2257.259,1
Stratum H,377,2257.259,1
Stratum H,377,2257.259,1
Stratum H,377,2257.259,1
Stratum H,377,2257.259,1
Stratum H,377,2257.259,1
Stratum H,377,2257.259,1
Stratum H,378,3401.322,0
Stratum H,378,3401.322,1
Stratum H,378,3401.322,0
Stratum H,378,3401.322,0
Stratum H,378,3401.322,1
Stratum H,378,3401.322,0
Stratum H,378,3401.322,0
Stratum H,379,3169.438,1
Stratum H,379,3169.438,1
Stratum H,379,3169.438,1
Stratum H,379,3169.438,1
Stratum H,379,3169.438,1
Stratum H,379,3169.438,1
Stratum H,379,3169.438,1
Stratum H,380,4284.611,1
Stratum H,380,4284.611,1
Stratum H,380,4284.611,0
Stratum H,380,4284.611,0
Stratum H,380,4284.611,0
Stratum H,380,4284.611,0
Stratum H,380,4284.611,0
Stratum H,381,3580.711,1
Stratum H,381,3580.711,1
Stratum H,381,3580.711,1
Stratum H,381,3580.711,1
Stratum H,381,3580.711,1
Stratum H,381,3580.711,0
Stratum H,381,3580.711,1
Stratum H,382,3180.33,0
Stratum H,382,3180.33,1
Stratum H,382,3180.33,0
Stratum H,382,3180.33,1
Stratum H,382,3180.33,0
Stratum H,382,3180.33,0
Stratum H,382,3180.33,1
Stratum H,383,2796.273,1
Stratum H,383,2796.273,1
Stratum H,383,2796.273,1
Stratum H,383,2796.273,1
Stratum H,383,2796.273,1
Stratum H,383,2796.273,0
Stratum H,383,2796.273,0
Stratum H,384,2216.178,1
Stratum H,384,2216.178,0
Stratum H,384,2216.178,1
Stratum H,384,2216.178,1
Stratum H,384,2216.178,1
Stratum H,384,2216.178,1
Stratum H,384,2216.178,1
Stratum H,385,1455.151,0
Stratum H,385,1455.151,0
Stratum H,385,1455.151,0
Stratum H,385,1455.151,0
Stratum H,385,1455.151,1
Stratum H,385,1455.151,0
Stratum H,385,1455.151,0
Stratum H,386,2142.306,1
Stratum H,386,2142.306,0
Stratum H,386,2142.306,1
Stratum H,386,2142.306,1
Stratum H,386,2142.306,0
Stratum H,386,2142.306,0
Stratum H,386,2142.306,0
Stratum H,387,1892.589,1
Stratum H,387,1892.589,1
Stratum H,387,1892.589,1
Stratum H,387,1892.589,1
Stratum H,387,1892.589,1
Stratum H,387,1892.589,1
Stratum H,387,1892.589,1
Stratum H,388,1999.485,0
Stratum H,388,1999.485,1
Stratum H,388,1999.485,1
Stratum H,388,1999.485,0
Stratum H,388,1999.485,1
Stratum H,388,1999.485,0
Stratum H,389,3084.92,0
Stratum H,389,3084.92,0
Stratum H,389,3084.92,1
Stratum H,389,3084.92,0
Stratum H,389,3084.92,0
Stratum H,389,3084.92,0
Stratum H,389,3084.92,0
Stratum H,390,1264.312,1
Stratum H,390,1264.312,1
Stratum H,390,1264.312,1
Stratum H,390,1264.312,1
Stratum H,390,1264.312,1
Stratum H,390,1264.312,1
Stratum H,390,1264.312,1
Stratum H,391,1227.829,1
Stratum H,391,1227.829,1
Stratum H,391,1227.829,1
Stratum H,391,1227.829,1
Stratum H,391,1227.829,1
Stratum H,391,1227.829,1
Stratum H,391,1227.829,1
Stratum H,392,2062.592,1
Stratum H,392,2062.592,1
Stratum H,392,2062.592,0
Stratum H,392,2062.592,0
Stratum H,392,2062.592,0
Stratum H,392,2062.592,0
Stratum H,392,2062.592,0
Stratum H,393,2570.767,0
Stratum H,393,2570.767,0
Stratum H,393,2570.767,0
Stratum H,393,2570.767,0
Stratum H,393,2570.767,0
Stratum H,393,2570.767,0
Stratum H,394,1788.36,0
Stratum H,394,1788.36,0
Stratum H,394,1788.36,0
Stratum H,394,1788.36,0
Stratum H,394,1788.36,0
Stratum H,394,1788.36,0
Stratum H,394,1788.36,0
Stratum H,395,2470.931,0
Stratum H,395,2470.931,0
Stratum H,395,2470.931,0
Stratum H,395,2470.931,0
Stratum H,395,2470.931,0
Stratum H,395,2470.931,0
Stratum H,395,2470.931,0
Stratum H,396,1888.727,0
Stratum H,396,1888.727,0
Stratum H,396,1888.727,1
Stratum H,396,1888.727,1
Stratum H,396,1888.727,0
Stratum H,396,1888.727,1
Stratum H,396,1888.727,0
Stratum H,397,3427.689,1
Stratum H,397,3427.689,0
Stratum H,397,3427.689,1
Stratum H,397,3427.689,1
Stratum H,397,3427.689,0
Stratum H,397,3427.689,1
Stratum H,397,3427.689,0
Stratum H,398,1955.231,1
Stratum H,398,1955.231,1
Stratum H,398,1955.231,1
Stratum H,398,1955.231,1
Stratum H,398,1955.231,1
Stratum H,398,1955.231,1
Stratum H,398,1955.231,0
Stratum H,399,1294.372,1
Stratum H,399,1294.372,1
Stratum H,399,1294.372,1
Stratum H,399,1294.372,1
Stratum H,399,1294.372,1
Stratum H,399,1294.372,1
Stratum H,399,1294.372,1
Stratum H,400,2439.605,0
Stratum H,400,2439.605,0
Stratum H,400,2439.605,1
Stratum H,400,2439.605,0
Stratum H,400,2439.605,0
Stratum H,400,2439.605,0
Stratum H,400,2439.605,0
Stratum I,401,634.6002,1
Stratum I,401,634.6002,1
Stratum I,401,634.6002,1
Stratum I,401,634.6002,1
Stratum I,401,634.6002,1
Stratum I,401,634.6002,1
Stratum I,401,634.6002,1
Stratum I,402,1064.412,1
Stratum I,402,1064.412,0
Stratum I,402,1064.412,1
Stratum I,402,1064.412,1
Stratum I,402,1064.412,1
Stratum I,402,1064.412,1
Stratum I,402,1064.412,0
Stratum I,403,941.5949,1
Stratum I,403,941.5949,1
Stratum I,403,941.5949,1
Stratum I,403,941.5949,1
Stratum I,403,941.5949,1
Stratum I,403,941.5949,1
Stratum I,404,855.5754,1
Stratum I,404,855.5754,1
Stratum I,404,855.5754,1
Stratum I,404,855.5754,1
Stratum I,404,855.5754,1
Stratum I,404,855.5754,1
Stratum I,404,855.5754,1
Stratum I,405,2425.909,1
Stratum I,405,2425.909,1
Stratum I,405,2425.909,0
Stratum I,405,2425.909,1
Stratum I,405,2425.909,1
Stratum I,405,2425.909,0
Stratum I,405,2425.909,1
Stratum I,406,1417.351,1
Stratum I,406,1417.351,1
Stratum I,406,1417.351,0
Stratum I,406,1417.351,1
Stratum I,406,1417.351,1
Stratum I,406,1417.351,1
Stratum I,406,1417.351,1
Stratum I,407,3092.059,1
Stratum I,407,3092.059,1
Stratum I,407,3092.059,1
Stratum I,407,3092.059,0
Stratum I,407,3092.059,1
Stratum I,407,3092.059,1
Stratum I,407,3092.059,1
Stratum I,408,310.9496,1
Stratum I,408,310.9496,1
Stratum I,408,310.9496,1
Stratum I,408,310.9496,1
Stratum I,408,310.9496,1
Stratum I,408,310.9496,1
Stratum I,408,310.9496,0
Stratum I,409,925.075,1
Stratum I,409,925.075,1
Stratum I,409,925.075,1
Stratum I,409,925.075,1
Stratum I,409,925.075,1
Stratum I,409,925.075,0
Stratum I,409,925.075,0
Stratum I,410,162.4363,1
Stratum I,410,162.4363,1
Stratum I,410,162.4363,1
Stratum I,410,162.4363,1
Stratum I,410,162.4363,1
Stratum I,410,162.4363,1
Stratum I,410,162.4363,0
Stratum I,411,1120.65,0
Stratum I,411,1120.65,1
Stratum I,411,1120.65,1
Stratum I,411,1120.65,0
Stratum I,411,1120.65,1
Stratum I,411,1120.65,0
Stratum I,411,1120.65,1
Stratum I,412,1299.491,0
Stratum I,412,1299.491,1
Stratum I,412,1299.491,0
Stratum I,412,1299.491,1
Stratum I,412,1299.491,0
Stratum I,412,1299.491,1
Stratum I,412,1299.491,1
Stratum I,413,453.8979,1
Stratum I,413,453.8979,0
Stratum I,413,453.8979,1
Stratum I,413,453.8979,0
Stratum I,413,453.8979,1
Stratum I,413,453.8979,1
Stratum I,413,453.8979,1
Stratum I,414,1088.323,1
Stratum I,414,1088.323,1
Stratum I,414,1088.323,1
Stratum I,414,1088.323,1
Stratum I,414,1088.323,1
Stratum I,414,1088.323,1
Stratum I,414,1088.323,1
Stratum I,415,2260.827,0
Stratum I,415,2260.827,1
Stratum I,415,2260.827,0
Stratum I,415,2260.827,1
Stratum I,415,2260.827,0
Stratum I,415,2260.827,1
Stratum I,415,2260.827,0
Stratum I,416,555.7396,1
Stratum I,416,555.7396,0
Stratum I,416,555.7396,1
Stratum I,416,555.7396,0
Stratum I,416,555.7396,0
Stratum I,416,555.7396,0
Stratum I,416,555.7396,1
Stratum I,417,410.6881,1
Stratum I,417,410.6881,1
Stratum I,417,410.6881,1
Stratum I,417,410.6881,1
Stratum I,417,410.6881,1
Stratum I,417,410.6881,1
Stratum I,417,410.6881,1
Stratum I,418,621.8991,0
Stratum I,418,621.8991,0
Stratum I,418,621.8991,1
Stratum I,418,621.8991,0
Stratum I,418,621.8991,1
Stratum I,418,621.8991,1
Stratum I,418,621.8991,0
Stratum I,419,544.1617,0
Stratum I,419,544.1617,0
Stratum I,419,544.1617,1
Stratum I,419,544.1617,1
Stratum I,419,544.1617,1
Stratum I,419,544.1617,1
Stratum I,419,544.1617,0
Stratum I,420,1262.847,1
Stratum I,420,1262.847,0
Stratum I,420,1262.847,1
Stratum I,420,1262.847,1
Stratum I,420,1262.847,1
Stratum I,420,1262.847,0
Stratum I,421,564.3159,1
Stratum I,421,564.3159,1
Stratum I,421,564.3159,0
Stratum I,421,564.3159,1
Stratum I,421,564.3159,0
Stratum I,421,564.3159,1
Stratum I,422,3185.337,1
Stratum I,422,3185.337,0
Stratum I,422,3185.337,0
Stratum I,422,3185.337,1
Stratum I,422,3185.337,1
Stratum I,422,3185.337,1
Stratum I,422,3185.337,1
Stratum I,423,981.024,1
Stratum I,423,981.024,1
Stratum I,423,981.024,1
Stratum I,423,981.024,1
Stratum I,423,981.024,1
Stratum I,423,981.024,0
Stratum I,423,981.024,1
Stratum I,424,473.1841,0
Stratum I,424,473.1841,0
Stratum I,424,473.1841,0
Stratum I,424,473.1841,0
Stratum I,424,473.1841,0
Stratum I,424,473.1841,1
Stratum I,424,473.1841,0
Stratum I,425,847.1274,1
Stratum I,425,847.1274,1
Stratum I,425,847.1274,0
Stratum I,425,847.1274,0
Stratum I,425,847.1274,0
Stratum I,425,847.1274,1
Stratum I,425,847.1274,1
Stratum I,426,694.0034,0
Stratum I,426,694.0034,1
Stratum I,426,694.0034,0
Stratum I,426,694.0034,1
Stratum I,426,694.0034,1
Stratum I,426,694.0034,0
Stratum I,426,694.0034,0
Stratum I,427,666.0777,1
Stratum I,427,666.0777,1
Stratum I,427,666.0777,1
Stratum I,427,666.0777,1
Stratum I,427,666.0777,1
Stratum I,427,666.0777,1
Stratum I,427,666.0777,1
Stratum I,428,829.1988,1
Stratum I,428,829.1988,1
Stratum I,428,829.1988,1
Stratum I,428,829.1988,1
Stratum I,428,829.1988,1
Stratum I,428,829.1988,0
Stratum I,428,829.1988,0
Stratum I,429,1356.871,0
Stratum I,429,1356.871,1
Stratum I,429,1356.871,1
Stratum I,429,1356.871,0
Stratum I,429,1356.871,0
Stratum I,429,1356.871,1
Stratum I,429,1356.871,1
Stratum I,430,1179.602,0
Stratum I,430,1179.602,1
Stratum I,430,1179.602,1
Stratum I,430,1179.602,1
Stratum I,430,1179.602,1
Stratum I,430,1179.602,0
Stratum I,430,1179.602,1
Stratum I,431,1002.853,1
Stratum I,431,1002.853,0
Stratum I,431,1002.853,0
Stratum I,431,1002.853,1
Stratum I,431,1002.853,1
Stratum I,431,1002.853,0
Stratum I,431,1002.853,0
Stratum I,432,853.587,1
Stratum I,432,853.587,0
Stratum I,432,853.587,1
Stratum I,432,853.587,0
Stratum I,432,853.587,1
Stratum I,432,853.587,0
Stratum I,432,853.587,0
Stratum I,433,523.1426,0
Stratum I,433,523.1426,0
Stratum I,433,523.1426,1
Stratum I,433,523.1426,1
Stratum I,433,523.1426,1
Stratum I,433,523.1426,1
Stratum I,434,1912.43,0
Stratum I,434,1912.43,1
Stratum I,434,1912.43,0
Stratum I,434,1912.43,1
Stratum I,434,1912.43,0
Stratum I,434,1912.43,1
Stratum I,434,1912.43,0
Stratum I,435,1204.929,0
Stratum I,435,1204.929,0
Stratum I,435,1204.929,1
Stratum I,435,1204.929,0
Stratum I,435,1204.929,1
Stratum I,435,1204.929,1
Stratum I,435,1204.929,1
Stratum I,436,1526.48,1
Stratum I,436,1526.48,0
Stratum I,436,1526.48,1
Stratum I,436,1526.48,1
Stratum I,436,1526.48,0
Stratum I,436,1526.48,1
Stratum I,436,1526.48,0
Stratum I,437,1209.248,1
Stratum I,437,1209.248,1
Stratum I,437,1209.248,1
Stratum I,437,1209.248,1
Stratum I,437,1209.248,1
Stratum I,437,1209.248,0
Stratum I,438,1335.366,0
Stratum I,438,1335.366,1
Stratum I,438,1335.366,1
Stratum I,438,1335.366,1
Stratum I,438,1335.366,0
Stratum I,438,1335.366,1
Stratum I,438,1335.366,1
Stratum I,439,961.7742,1
Stratum I,439,961.7742,1
Stratum I,439,961.7742,1
Stratum I,439,961.7742,1
Stratum I,439,961.7742,1
Stratum I,439,961.7742,1
Stratum I,439,961.7742,1
Stratum I,440,1291.729,1
Stratum I,440,1291.729,0
Stratum I,440,1291.729,0
Stratum I,440,1291.729,1
Stratum I,440,1291.729,1
Stratum I,440,1291.729,1
Stratum I,441,1374.275,1
Stratum I,441,1374.275,1
Stratum I,441,1374.275,1
Stratum I,441,1374.275,1
Stratum I,441,1374.275,1
Stratum I,441,1374.275,1
Stratum I,442,869.1068,0
Stratum I,442,869.1068,0
Stratum I,442,869.1068,1
Stratum I,442,869.1068,1
Stratum I,442,869.1068,1
Stratum I,442,869.1068,0
Stratum I,443,1172.041,0
Stratum I,443,1172.041,0
Stratum I,443,1172.041,1
Stratum I,443,1172.041,0
Stratum I,443,1172.041,0
Stratum I,443,1172.041,0
Stratum I,443,1172.041,0
Stratum I,444,1308.244,1
Stratum I,444,1308.244,1
Stratum I,444,1308.244,1
Stratum I,444,1308.244,1
Stratum I,444,1308.244,1
Stratum I,444,1308.244,1
Stratum I,444,1308.244,1
Stratum I,445,3202.423,1
Stratum I,445,3202.423,1
Stratum I,445,3202.423,1
Stratum I,445,3202.423,1
Stratum I,445,3202.423,1
Stratum I,445,3202.423,1
Stratum I,446,818.0686,1
Stratum I,446,818.0686,0
Stratum I,446,818.0686,1
Stratum I,446,818.0686,1
Stratum I,446,818.0686,1
Stratum I,446,818.0686,1
Stratum I,447,1277.696,0
Stratum I,447,1277.696,0
Stratum I,447,1277.696,0
Stratum I,447,1277.696,0
Stratum I,447,1277.696,1
Stratum I,447,1277.696,0
Stratum I,448,1862.103,0
Stratum I,448,1862.103,1
Stratum I,448,1862.103,0
Stratum I,448,1862.103,1
Stratum I,448,1862.103,0
Stratum I,448,1862.103,1
Stratum I,448,1862.103,1
Stratum I,449,1934.797,1
Stratum I,449,1934.797,0
Stratum I,449,1934.797,1
Stratum I,449,1934.797,0
Stratum I,449,1934.797,0
Stratum I,449,1934.797,1
Stratum I,450,916.4829,1
Stratum I,450,916.4829,1
Stratum I,450,916.4829,1
Stratum I,450,916.4829,1
Stratum I,450,916.4829,1
Stratum I,450,916.4829,1
Stratum I,450,916.4829,1
Stratum J,451,147.4255,1
Stratum J,451,147.4255,1
Stratum J,451,147.4255,0
Stratum J,451,147.4255,0
Stratum J,451,147.4255,0
Stratum J,451,147.4255,1
Stratum J,451,147.4255,0
Stratum J,452,324.6066,0
Stratum J,452,324.6066,0
Stratum J,452,324.6066,0
Stratum J,452,324.6066,0
Stratum J,452,324.6066,0
Stratum J,452,324.6066,0
Stratum J,452,324.6066,0
Stratum J,453,101.1744,1
Stratum J,453,101.1744,1
Stratum J,453,101.1744,0
Stratum J,453,101.1744,0
Stratum J,453,101.1744,0
Stratum J,453,101.1744,0
Stratum J,453,101.1744,0
Stratum J,454,320.7151,0
Stratum J,454,320.7151,0
Stratum J,454,320.7151,0
Stratum J,454,320.7151,1
Stratum J,454,320.7151,1
Stratum J,454,320.7151,1
Stratum J,454,320.7151,0
Stratum J,455,50.14473,0
Stratum J,455,50.14473,0
Stratum J,455,50.14473,0
Stratum J,455,50.14473,1
Stratum J,455,50.14473,0
Stratum J,455,50.14473,0
Stratum J,455,50.14473,0
Stratum J,456,123.822,1
Stratum J,456,123.822,0
Stratum J,456,123.822,1
Stratum J,456,123.822,0
Stratum J,456,123.822,0
Stratum J,456,123.822,1
Stratum J,456,123.822,0
Stratum J,457,320.4903,0
Stratum J,457,320.4903,0
Stratum J,457,320.4903,1
Stratum J,457,320.4903,0
Stratum J,457,320.4903,1
Stratum J,457,320.4903,0
Stratum J,457,320.4903,0
Stratum J,458,165.6464,1
Stratum J,458,165.6464,1
Stratum J,458,165.6464,1
Stratum J,458,165.6464,1
Stratum J,458,165.6464,1
Stratum J,458,165.6464,1
Stratum J,458,165.6464,1
Stratum J,459,119.1316,1
Stratum J,459,119.1316,0
Stratum J,459,119.1316,0
Stratum J,459,119.1316,1
Stratum J,459,119.1316,0
Stratum J,459,119.1316,1
Stratum J,459,119.1316,1
Stratum J,460,962.7777,0
Stratum J,460,962.7777,0
Stratum J,460,962.7777,0
Stratum J,460,962.7777,0
Stratum J,460,962.7777,0
Stratum J,460,962.7777,0
Stratum J,460,962.7777,0
Stratum J,461,1747.263,0
Stratum J,461,1747.263,1
Stratum J,461,1747.263,0
Stratum J,461,1747.263,0
Stratum J,461,1747.263,0
Stratum J,461,1747.263,0
Stratum J,461,1747.263,0
Stratum J,462,290.3832,0
Stratum J,462,290.3832,0
Stratum J,462,290.3832,0
Stratum J,462,290.3832,0
Stratum J,462,290.3832,1
Stratum J,462,290.3832,1
Stratum J,462,290.3832,1
Stratum J,463,146.3798,0
Stratum J,463,146.3798,0
Stratum J,463,146.3798,0
Stratum J,463,146.3798,0
Stratum J,463,146.3798,0
Stratum J,463,146.3798,1
Stratum J,463,146.3798,0
Stratum J,464,176.4064,0
Stratum J,464,176.4064,1
Stratum J,464,176.4064,1
Stratum J,464,176.4064,0
Stratum J,464,176.4064,0
Stratum J,464,176.4064,1
Stratum J,464,176.4064,0
Stratum J,465,1474.253,1
Stratum J,465,1474.253,0
Stratum J,465,1474.253,0
Stratum J,465,1474.253,0
Stratum J,465,1474.253,0
Stratum J,465,1474.253,0
Stratum J,465,1474.253,0
Stratum J,466,183.2405,0
Stratum J,466,183.2405,0
Stratum J,466,183.2405,0
Stratum J,466,183.2405,0
Stratum J,466,183.2405,0
Stratum J,466,183.2405,0
Stratum J,466,183.2405,0
Stratum J,467,205.3686,0
Stratum J,467,205.3686,0
Stratum J,467,205.3686,0
Stratum J,467,205.3686,0
Stratum J,467,205.3686,0
Stratum J,467,205.3686,0
Stratum J,467,205.3686,0
Stratum J,468,442.276,0
Stratum J,468,442.276,0
Stratum J,468,442.276,0
Stratum J,468,442.276,0
Stratum J,468,442.276,0
Stratum J,468,442.276,0
Stratum J,468,442.276,0
Stratum J,469,385.4257,0
Stratum J,469,385.4257,0
Stratum J,469,385.4257,0
Stratum J,469,385.4257,0
Stratum J,469,385.4257,0
Stratum J,469,385.4257,0
Stratum J,469,385.4257,0
Stratum J,470,286.6604,0
Stratum J,470,286.6604,0
Stratum J,470,286.6604,0
Stratum J,470,286.6604,0
Stratum J,470,286.6604,0
Stratum J,470,286.6604,0
Stratum J,470,286.6604,0
Stratum J,471,411.1208,0
Stratum J,471,411.1208,0
Stratum J,471,411.1208,0
Stratum J,471,411.1208,0
Stratum J,471,411.1208,0
Stratum J,471,411.1208,0
Stratum J,471,411.1208,0
Stratum J,472,277.2101,0
Stratum J,472,277.2101,0
Stratum J,472,277.2101,0
Stratum J,472,277.2101,0
Stratum J,472,277.2101,0
Stratum J,472,277.2101,0
Stratum J,472,277.2101,0
Stratum J,473,102.1128,0
Stratum J,473,102.1128,0
Stratum J,473,102.1128,0
Stratum J,473,102.1128,0
Stratum J,473,102.1128,0
Stratum J,473,102.1128,0
Stratum J,473,102.1128,0
Stratum J,474,308.3406,0
Stratum J,474,308.3406,0
Stratum J,474,308.3406,0
Stratum J,474,308.3406,0
Stratum J,474,308.3406,0
Stratum J,474,308.3406,0
Stratum J,474,308.3406,0
Stratum J,475,128.4752,0
Stratum J,475,128.4752,0
Stratum J,475,128.4752,0
Stratum J,475,128.4752,0
Stratum J,475,128.4752,0
Stratum J,475,128.4752,0
Stratum J,475,128.4752,0
Stratum J,476,627.3419,1
Stratum J,476,627.3419,1
Stratum J,476,627.3419,0
Stratum J,476,627.3419,0
Stratum J,476,627.3419,0
Stratum J,476,627.3419,0
Stratum J,476,627.3419,0
Stratum J,477,114.5051,0
Stratum J,477,114.5051,0
Stratum J,477,114.5051,0
Stratum J,477,114.5051,0
Stratum J,477,114.5051,0
Stratum J,477,114.5051,0
Stratum J,477,114.5051,1
Stratum J,478,323.4648,0
Stratum J,478,323.4648,0
Stratum J,478,323.4648,0
Stratum J,478,323.4648,0
Stratum J,478,323.4648,0
Stratum J,478,323.4648,0
Stratum J,478,323.4648,0
Stratum J,479,616.6812,0
Stratum J,479,616.6812,0
Stratum J,479,616.6812,0
Stratum J,479,616.6812,0
Stratum J,479,616.6812,0
Stratum J,479,616.6812,0
Stratum J,479,616.6812,0
Stratum J,480,1133.151,0
Stratum J,480,1133.151,0
Stratum J,480,1133.151,0
Stratum J,480,1133.151,0
Stratum J,480,1133.151,0
Stratum J,480,1133.151,0
Stratum J,480,1133.151,0
Stratum J,481,183.8397,0
Stratum J,481,183.8397,0
Stratum J,481,183.8397,0
Stratum J,481,183.8397,0
Stratum J,481,183.8397,0
Stratum J,481,183.8397,0
Stratum J,481,183.8397,0
Stratum J,482,97.58651,0
Stratum J,482,97.58651,0
Stratum J,482,97.58651,0
Stratum J,482,97.58651,0
Stratum J,482,97.58651,0
Stratum J,482,97.58651,0
Stratum J,482,97.58651,0
Stratum J,483,133.0923,0
Stratum J,483,133.0923,0
Stratum J,483,133.0923,0
Stratum J,483,133.0923,0
Stratum J,483,133.0923,0
Stratum J,483,133.0923,0
Stratum J,483,133.0923,0
Stratum J,484,673.9444,0
Stratum J,484,673.9444,0
Stratum J,484,673.9444,0
Stratum J,484,673.9444,0
Stratum J,484,673.9444,0
Stratum J,484,673.9444,0
Stratum J,484,673.9444,0
Stratum J,485,385.4257,1
Stratum J,485,385.4257,0
Stratum J,485,385.4257,0
Stratum J,485,385.4257,1
Stratum J,485,385.4257,1
Stratum J,485,385.4257,1
Stratum J,485,385.4257,1
Stratum J,486,355.089,1
Stratum J,486,355.089,0
Stratum J,486,355.089,0
Stratum J,486,355.089,0
Stratum J,486,355.089,0
Stratum J,486,355.089,0
Stratum J,486,355.089,0
Stratum J,487,96.22166,0
Stratum J,487,96.22166,0
Stratum J,487,96.22166,0
Stratum J,487,96.22166,0
Stratum J,487,96.22166,0
Stratum J,487,96.22166,0
Stratum J,487,96.22166,1
Stratum J,488,86.30634,0
Stratum J,488,86.30634,0
Stratum J,488,86.30634,0
Stratum J,488,86.30634,0
Stratum J,488,86.30634,0
Stratum J,488,86.30634,0
Stratum J,489,161.7059,0
Stratum J,489,161.7059,1
Stratum J,489,161.7059,0
Stratum J,489,161.7059,0
Stratum J,489,161.7059,1
Stratum J,489,161.7059,1
Stratum J,490,325.602,0
Stratum J,490,325.602,0
Stratum J,490,325.602,1
Stratum J,490,325.602,1
Stratum J,490,325.602,0
Stratum J,490,325.602,0
Stratum J,490,325.602,0
Stratum J,491,554.4201,0
Stratum J,491,554.4201,0
Stratum J,491,554.4201,1
Stratum J,491,554.4201,1
Stratum J,491,554.4201,1
Stratum J,491,554.4201,1
Stratum J,491,554.4201,1
Stratum J,492,278.8186,0
Stratum J,492,278.8186,0
Stratum J,492,278.8186,0
Stratum J,492,278.8186,0
Stratum J,492,278.8186,0
Stratum J,492,278.8186,0
Stratum J,492,278.8186,1
Stratum J,493,106.2525,0
Stratum J,493,106.2525,0
Stratum J,493,106.2525,0
Stratum J,493,106.2525,0
Stratum J,493,106.2525,0
Stratum J,493,106.2525,0
Stratum J,493,106.2525,1
Stratum J,494,439.3853,0
Stratum J,494,439.3853,0
Stratum J,494,439.3853,0
Stratum J,494,439.3853,0
Stratum J,494,439.3853,0
Stratum J,494,439.3853,0
Stratum J,494,439.3853,0
Stratum J,495,411.7284,1
Stratum J,495,411.7284,1
Stratum J,495,411.7284,1
Stratum J,495,411.7284,1
Stratum J,495,411.7284,1
Stratum J,495,411.7284,1
Stratum J,495,411.7284,1
Stratum J,496,295.3121,0
Stratum J,496,295.3121,0
Stratum J,496,295.3121,0
Stratum J,496,295.3121,0
Stratum J,496,295.3121,1
Stratum J,496,295.3121,0
Stratum J,496,295.3121,0
Stratum J,497,214.9953,0
Stratum J,497,214.9953,0
Stratum J,497,214.9953,0
Stratum J,497,214.9953,0
Stratum J,497,214.9953,0
Stratum J,497,214.9953,0
Stratum J,497,214.9953,1
Stratum J,498,309.3188,1
Stratum J,498,309.3188,1
Stratum J,498,309.3188,1
Stratum J,498,309.3188,1
Stratum J,498,309.3188,1
Stratum J,498,309.3188,0
Stratum J,498,309.3188,0
Stratum J,499,202.0783,0
Stratum J,499,202.0783,0
Stratum J,499,202.0783,0
Stratum J,499,202.0783,0
Stratum J,499,202.0783,0
Stratum J,499,202.0783,0
Stratum J,499,202.0783,0
Stratum J,500,236.9958,0
Stratum J,500,236.9958,0
Stratum J,500,236.9958,0
Stratum J,500,236.9958,0
Stratum J,500,236.9958,0
Stratum J,500,236.9958,0
Stratum J,500,236.9958,0
Stratum K,501,230.6886,1
Stratum K,501,230.6886,1
Stratum K,501,230.6886,1
Stratum K,501,230.6886,1
Stratum K,501,230.6886,1
Stratum K,501,230.6886,1
Stratum K,501,230.6886,1
Stratum K,502,647.5469,1
Stratum K,502,647.5469,1
Stratum K,502,647.5469,1
Stratum K,502,647.5469,1
Stratum K,502,647.5469,1
Stratum K,502,647.5469,1
Stratum K,502,647.5469,1
Stratum K,503,319.7663,0
Stratum K,503,319.7663,1
Stratum K,503,319.7663,1
Stratum K,503,319.7663,1
Stratum K,503,319.7663,1
Stratum K,503,319.7663,1
Stratum K,504,303.0945,1
Stratum K,504,303.0945,1
Stratum K,504,303.0945,1
Stratum K,504,303.0945,1
Stratum K,504,303.0945,1
Stratum K,504,303.0945,1
Stratum K,504,303.0945,1
Stratum K,505,193.7784,1
Stratum K,505,193.7784,1
Stratum K,505,193.7784,1
Stratum K,505,193.7784,1
Stratum K,505,193.7784,1
Stratum K,505,193.7784,1
Stratum K,505,193.7784,1
Stratum K,506,153.3057,1
Stratum K,506,153.3057,1
Stratum K,506,153.3057,1
Stratum K,506,153.3057,0
Stratum K,506,153.3057,1
Stratum K,506,153.3057,0
Stratum K,506,153.3057,1
Stratum K,507,220.0209,1
Stratum K,507,220.0209,1
Stratum K,507,220.0209,1
Stratum K,507,220.0209,1
Stratum K,507,220.0209,1
Stratum K,507,220.0209,1
Stratum K,507,220.0209,1
Stratum K,508,224.4538,1
Stratum K,508,224.4538,1
Stratum K,508,224.4538,1
Stratum K,508,224.4538,1
Stratum K,508,224.4538,1
Stratum K,508,224.4538,1
Stratum K,508,224.4538,0
Stratum K,509,256.3206,1
Stratum K,509,256.3206,1
Stratum K,509,256.3206,1
Stratum K,509,256.3206,1
Stratum K,509,256.3206,1
Stratum K,509,256.3206,1
Stratum K,509,256.3206,1
Stratum K,510,127.1141,1
Stratum K,510,127.1141,1
Stratum K,510,127.1141,1
Stratum K,510,127.1141,0
Stratum K,510,127.1141,1
Stratum K,510,127.1141,1
Stratum K,510,127.1141,1
Stratum K,511,410.8496,1
Stratum K,511,410.8496,1
Stratum K,511,410.8496,1
Stratum K,511,410.8496,1
Stratum K,511,410.8496,1
Stratum K,511,410.8496,1
Stratum K,511,410.8496,1
Stratum K,512,332.8611,1
Stratum K,512,332.8611,0
Stratum K,512,332.8611,1
Stratum K,512,332.8611,1
Stratum K,512,332.8611,1
Stratum K,512,332.8611,1
Stratum K,512,332.8611,0
Stratum K,513,451.8355,1
Stratum K,513,451.8355,1
Stratum K,513,451.8355,1
Stratum K,513,451.8355,1
Stratum K,513,451.8355,0
Stratum K,513,451.8355,1
Stratum K,513,451.8355,1
Stratum K,514,302.4383,0
Stratum K,514,302.4383,1
Stratum K,514,302.4383,0
Stratum K,514,302.4383,1
Stratum K,514,302.4383,1
Stratum K,514,302.4383,1
Stratum K,514,302.4383,1
Stratum K,515,375.0235,1
Stratum K,515,375.0235,0
Stratum K,515,375.0235,1
Stratum K,515,375.0235,1
Stratum K,515,375.0235,1
Stratum K,515,375.0235,0
Stratum K,515,375.0235,1
Stratum K,516,637.1056,1
Stratum K,516,637.1056,0
Stratum K,516,637.1056,0
Stratum K,516,637.1056,1
Stratum K,516,637.1056,1
Stratum K,516,637.1056,1
Stratum K,516,637.1056,1
Stratum K,517,412.1137,1
Stratum K,517,412.1137,1
Stratum K,517,412.1137,0
Stratum K,517,412.1137,1
Stratum K,517,412.1137,1
Stratum K,517,412.1137,1
Stratum K,517,412.1137,0
Stratum K,518,475.9182,0
Stratum K,518,475.9182,0
Stratum K,518,475.9182,0
Stratum K,518,475.9182,0
Stratum K,518,475.9182,0
Stratum K,518,475.9182,0
Stratum K,518,475.9182,0
Stratum K,519,295.9933,1
Stratum K,519,295.9933,1
Stratum K,519,295.9933,1
Stratum K,519,295.9933,1
Stratum K,519,295.9933,1
Stratum K,519,295.9933,1
Stratum K,519,295.9933,1
Stratum K,520,295.9072,1
Stratum K,520,295.9072,1
Stratum K,520,295.9072,1
Stratum K,520,295.9072,1
Stratum K,520,295.9072,1
Stratum K,520,295.9072,1
Stratum K,520,295.9072,1
Stratum K,521,284.9723,1
Stratum K,521,284.9723,1
Stratum K,521,284.9723,1
Stratum K,521,284.9723,1
Stratum K,521,284.9723,1
Stratum K,521,284.9723,1
Stratum K,521,284.9723,0
Stratum K,522,461.8516,1
Stratum K,522,461.8516,1
Stratum K,522,461.8516,1
Stratum K,522,461.8516,1
Stratum K,522,461.8516,1
Stratum K,522,461.8516,1
Stratum K,522,461.8516,1
Stratum K,523,367.6701,1
Stratum K,523,367.6701,1
Stratum K,523,367.6701,1
Stratum K,523,367.6701,1
Stratum K,523,367.6701,1
Stratum K,523,367.6701,1
Stratum K,523,367.6701,1
Stratum K,524,516.3835,1
Stratum K,524,516.3835,0
Stratum K,524,516.3835,1
Stratum K,524,516.3835,1
Stratum K,524,516.3835,1
Stratum K,524,516.3835,1
Stratum K,524,516.3835,1
Stratum K,525,456.2045,1
Stratum K,525,456.2045,1
Stratum K,525,456.2045,1
Stratum K,525,456.2045,1
Stratum K,525,456.2045,1
Stratum K,525,456.2045,0
Stratum K,525,456.2045,1
Stratum K,526,451.8355,1
Stratum K,526,451.8355,1
Stratum K,526,451.8355,1
Stratum K,526,451.8355,1
Stratum K,526,451.8355,1
Stratum K,526,451.8355,1
Stratum K,526,451.8355,1
Stratum K,527,357.1653,1
Stratum K,527,357.1653,1
Stratum K,527,357.1653,1
Stratum K,527,357.1653,1
Stratum K,527,357.1653,1
Stratum K,527,357.1653,1
Stratum K,527,357.1653,0
Stratum K,528,381.5646,1
Stratum K,528,381.5646,1
Stratum K,528,381.5646,1
Stratum K,528,381.5646,1
Stratum K,528,381.5646,1
Stratum K,528,381.5646,1
Stratum K,529,548.28,1
Stratum K,529,548.28,1
Stratum K,529,548.28,1
Stratum K,529,548.28,1
Stratum K,529,548.28,1
Stratum K,529,548.28,1
Stratum K,529,548.28,1
Stratum K,530,153.0708,1
Stratum K,530,153.0708,1
Stratum K,530,153.0708,1
Stratum K,530,153.0708,1
Stratum K,530,153.0708,1
Stratum K,530,153.0708,1
Stratum K,530,153.0708,1
Stratum K,531,199.9059,1
Stratum K,531,199.9059,1
Stratum K,531,199.9059,1
Stratum K,531,199.9059,1
Stratum K,531,199.9059,1
Stratum K,531,199.9059,1
Stratum K,531,199.9059,1
Stratum K,532,323.5193,1
Stratum K,532,323.5193,1
Stratum K,532,323.5193,1
Stratum K,532,323.5193,1
Stratum K,532,323.5193,1
Stratum K,532,323.5193,1
Stratum K,532,323.5193,1
Stratum K,533,213.233,1
Stratum K,533,213.233,1
Stratum K,533,213.233,1
Stratum K,533,213.233,1
Stratum K,533,213.233,1
Stratum K,533,213.233,1
Stratum K,533,213.233,1
Stratum K,534,355.192,1
Stratum K,534,355.192,1
Stratum K,534,355.192,1
Stratum K,534,355.192,1
Stratum K,534,355.192,1
Stratum K,534,355.192,1
Stratum K,534,355.192,1
Stratum K,535,266.5412,1
Stratum K,535,266.5412,1
Stratum K,535,266.5412,1
Stratum K,535,266.5412,1
Stratum K,535,266.5412,1
Stratum K,535,266.5412,1
Stratum K,535,266.5412,1
Stratum K,536,369.4813,1
Stratum K,536,369.4813,0
Stratum K,536,369.4813,1
Stratum K,536,369.4813,1
Stratum K,536,369.4813,1
Stratum K,536,369.4813,1
Stratum K,536,369.4813,1
Stratum K,537,362.9259,1
Stratum K,537,362.9259,1
Stratum K,537,362.9259,1
Stratum K,537,362.9259,1
Stratum K,537,362.9259,1
Stratum K,537,362.9259,1
Stratum K,537,362.9259,1
Stratum K,538,535.7479,1
Stratum K,538,535.7479,1
Stratum K,538,535.7479,1
Stratum K,538,535.7479,1
Stratum K,538,535.7479,0
Stratum K,538,535.7479,1
Stratum K,538,535.7479,1
Stratum K,539,374.0582,1
Stratum K,539,374.0582,1
Stratum K,539,374.0582,0
Stratum K,539,374.0582,1
Stratum K,539,374.0582,1
Stratum K,539,374.0582,0
Stratum K,539,374.0582,1
Stratum K,540,984.1777,1
Stratum K,540,984.1777,1
Stratum K,540,984.1777,1
Stratum K,540,984.1777,1
Stratum K,540,984.1777,1
Stratum K,540,984.1777,1
Stratum K,541,252.4466,1
Stratum K,541,252.4466,1
Stratum K,541,252.4466,1
Stratum K,541,252.4466,1
Stratum K,541,252.4466,1
Stratum K,541,252.4466,1
Stratum K,541,252.4466,1
Stratum K,542,520.866,1
Stratum K,542,520.866,1
Stratum K,542,520.866,1
Stratum K,542,520.866,1
Stratum K,542,520.866,1
Stratum K,542,520.866,1
Stratum K,543,234.7349,1
Stratum K,543,234.7349,1
Stratum K,543,234.7349,1
Stratum K,543,234.7349,1
Stratum K,543,234.7349,1
Stratum K,543,234.7349,1
Stratum K,543,234.7349,1
Stratum K,544,188.2357,0
Stratum K,544,188.2357,1
Stratum K,544,188.2357,1
Stratum K,544,188.2357,1
Stratum K,544,188.2357,1
Stratum K,544,188.2357,1
Stratum K,544,188.2357,1
Stratum K,545,306.1416,0
Stratum K,545,306.1416,1
Stratum K,545,306.1416,1
Stratum K,545,306.1416,1
Stratum K,545,306.1416,1
Stratum K,545,306.1416,1
Stratum K,545,306.1416,1
Stratum K,546,245.0066,1
Stratum K,546,245.0066,0
Stratum K,546,245.0066,1
Stratum K,546,245.0066,1
Stratum K,546,245.0066,0
Stratum K,546,245.0066,1
Stratum K,546,245.0066,1
Stratum K,547,177.5068,1
Stratum K,547,177.5068,1
Stratum K,547,177.5068,1
Stratum K,547,177.5068,1
Stratum K,547,177.5068,1
Stratum K,547,177.5068,1
Stratum K,547,177.5068,0
Stratum K,548,117.6032,0
Stratum K,548,117.6032,1
Stratum K,548,117.6032,0
Stratum K,548,117.6032,1
Stratum K,548,117.6032,1
Stratum K,548,117.6032,1
Stratum K,548,117.6032,1
Stratum K,549,298.8235,1
Stratum K,549,298.8235,0
Stratum K,549,298.8235,1
Stratum K,549,298.8235,1
Stratum K,549,298.8235,1
Stratum K,549,298.8235,1
Stratum K,549,298.8235,1
Stratum K,550,457.3457,1
Stratum K,550,457.3457,0
Stratum K,550,457.3457,1
Stratum K,550,457.3457,0
Stratum K,550,457.3457,0
Stratum K,550,457.3457,0
Stratum K,550,457.3457,0
